trial,scenario_index,scenario_name,planner_id,obstacle_x,obstacle_y,obstacle_z,obstacle_size_x,obstacle_size_y,obstacle_size_z,final_state,pipeline_state,initial_x,initial_y,initial_z,max_z,final_x,final_y,final_z,lift_delta_m,place_error_m,final_tilt_deg,direct_path_fraction,direct_path_unchecked_fraction,direct_path_blocked,ompl_planning_time_s,ompl_joint_path_length_rad,elapsed_s,failure_category,reason
1,1,center_tall_barrier,RRTConnectkConfigDefault,0.37,0.0,0.18,0.12,0.18,0.36,SUCCESS,SUCCESS,0.55,2.0007447406531074e-20,0.7599922905891091,1.2068388067307647,0.4991315863337354,-0.299141151832168,0.7599999669382451,0.4468465161416556,0.0012213772849683246,4.619854323992166e-05,0.3111111111111111,1.0,True,0.039983908,7.785060415621153,67.67681673799962,,physical lift and upright placement verified
2,2,positive_y_barrier,RRTConnectkConfigDefault,0.37,0.08,0.17,0.12,0.2,0.34,SUCCESS,SUCCESS,0.54,-0.1,0.7599922905891091,0.8998373839318657,0.5001452779343445,-0.3001618925558618,0.759999985056792,0.13984509334275663,0.0002175198337489405,1.392462677356116e-05,0.35555555555555557,1.0,True,0.029246585000000002,6.1138724688781,54.101886010999806,,physical lift and upright placement verified
3,3,negative_y_barrier,RRTConnectkConfigDefault,0.37,-0.08,0.17,0.12,0.2,0.34,SUCCESS,SUCCESS,0.54,0.1,0.7599922905891091,0.9613397600394169,0.5005389187939976,-0.3004918082841477,0.7599999304949278,0.2013474694503078,0.0007295949970436091,0.00012328976272252487,0.35555555555555557,1.0,True,0.043858729,8.703367422550816,73.83585346200016,,physical lift and upright placement verified
4,4,center_tall_barrier,RRTConnectkConfigDefault,0.37,0.0,0.18,0.12,0.18,0.36,SUCCESS,SUCCESS,0.55,2.0007447406531074e-20,0.7599922905891091,1.1150095073845558,0.5005773783617327,-0.30058127266648704,0.7599999805797965,0.35501721679544673,0.0008192946269683487,1.4158234202550823e-05,0.3111111111111111,1.0,True,0.040552929,8.751406864864988,72.04336158000024,,physical lift and upright placement verified
5,5,positive_y_barrier,RRTConnectkConfigDefault,0.37,0.08,0.17,0.12,0.2,0.34,SUCCESS,SUCCESS,0.54,-0.1,0.7599922905891091,0.8948873278757313,0.4988406394943192,-0.29919183066225297,0.7599999414903328,0.13489503728662222,0.0014132425354588716,9.017321050302616e-05,0.35555555555555557,1.0,True,0.031876693,8.019414471002849,60.30939937099993,,physical lift and upright placement verified
6,6,negative_y_barrier,RRTConnectkConfigDefault,0.37,-0.08,0.17,0.12,0.2,0.34,SUCCESS,SUCCESS,0.54,0.1,0.7599922905891091,1.2598034049496958,0.4849170104519845,-0.3095613625087292,0.7599999248737251,0.4998111143605867,0.017858225744303974,0.00010817349159943082,0.35555555555555557,1.0,True,0.030387393,7.861334222025381,67.16873392900015,,physical lift and upright placement verified
7,7,center_tall_barrier,RRTConnectkConfigDefault,0.37,0.0,0.18,0.12,0.18,0.36,SUCCESS,SUCCESS,0.55,2.0007447406531074e-20,0.7599922905891091,1.0991669450344783,0.4989442041839933,-0.2990545877119516,0.7599999363872101,0.3391746544453692,0.0014172188269765181,9.348723963202948e-05,0.3111111111111111,1.0,True,0.030355353,8.50222852269648,70.2693001560001,,physical lift and upright placement verified
8,8,positive_y_barrier,RRTConnectkConfigDefault,0.37,0.08,0.17,0.12,0.2,0.34,SUCCESS,SUCCESS,0.54,-0.1,0.7599922905891091,0.8903759722746439,0.49833719159456275,-0.2990241115740401,0.7599999848748282,0.13038368168553482,0.0019280274928911352,1.9148146328926346e-05,0.35555555555555557,1.0,True,0.0225695,9.379390054462895,74.70313277399964,,physical lift and upright placement verified
9,9,negative_y_barrier,RRTConnectkConfigDefault,0.37,-0.08,0.17,0.12,0.2,0.34,SUCCESS,SUCCESS,0.54,0.1,0.7599922905891091,1.1338425874212534,0.48655863251019466,-0.2924548818523683,0.7599999331452475,0.3738502968321443,0.015414252101940815,0.0001021785513465671,0.35555555555555557,1.0,True,0.041155694,7.65230530521307,65.91611917499995,,physical lift and upright placement verified
10,10,center_tall_barrier,RRTConnectkConfigDefault,0.37,0.0,0.18,0.12,0.18,0.36,SUCCESS,SUCCESS,0.55,2.0007447406531074e-20,0.7599922905891091,0.949330157457129,0.5000092854619483,-0.29995898369908675,0.7599999512309109,0.1893378668680199,4.205424024547157e-05,7.863528744351484e-05,0.3111111111111111,1.0,True,0.032841016,8.446023355536068,67.70311193799989,,physical lift and upright placement verified
11,11,positive_y_barrier,RRTConnectkConfigDefault,0.37,0.08,0.17,0.12,0.2,0.34,SUCCESS,SUCCESS,0.54,-0.1,0.7599922905891091,0.8947947313234061,0.4989501518067987,-0.29909895503154144,0.7599999835835218,0.13480244073429704,0.0013834967525158948,1.2460416145305404e-05,0.35555555555555557,1.0,True,0.029314593,6.373952959643061,53.07418168000004,,physical lift and upright placement verified
12,12,negative_y_barrier,RRTConnectkConfigDefault,0.37,-0.08,0.17,0.12,0.2,0.34,SUCCESS,SUCCESS,0.54,0.1,0.7599922905891091,1.041788166665618,0.4850736591500292,-0.2890560942628501,0.759999977778432,0.2817958760765088,0.018508504098214494,3.01129245035748e-05,0.35555555555555557,1.0,True,0.02599605,11.656903735456495,81.76042754299942,,physical lift and upright placement verified
13,13,center_tall_barrier,RRTConnectkConfigDefault,0.37,0.0,0.18,0.12,0.18,0.36,SUCCESS,SUCCESS,0.55,2.0007447406531074e-20,0.7599922905891091,0.990654461135002,0.49897030726331715,-0.29637719813552627,0.759999939818122,0.2306621705458929,0.0037662926711600057,9.070516290915067e-05,0.3111111111111111,1.0,True,0.034899495,10.468095106824954,80.10416785899997,,physical lift and upright placement verified
14,14,positive_y_barrier,RRTConnectkConfigDefault,0.37,0.08,0.17,0.12,0.2,0.34,SUCCESS,SUCCESS,0.54,-0.1,0.7599922905891091,0.8967666438681331,0.4984155978455913,-0.29957320582089125,0.7599999290320869,0.13677435327902399,0.0016408788691589795,0.00010374315961708578,0.35555555555555557,1.0,True,0.028973497,6.404908514389903,53.38951719800025,,physical lift and upright placement verified
15,15,negative_y_barrier,RRTConnectkConfigDefault,0.37,-0.08,0.17,0.12,0.2,0.34,SUCCESS,SUCCESS,0.54,0.1,0.7599922905891091,1.1703101933434996,0.5056523904021187,-0.29001276581492624,0.7599999852787676,0.4103179027543905,0.011475816481875543,1.3418106104862006e-05,0.35555555555555557,1.0,True,0.040530736000000005,7.342718892470218,65.98084339600064,,physical lift and upright placement verified
16,16,center_tall_barrier,RRTConnectkConfigDefault,0.37,0.0,0.18,0.12,0.18,0.36,SUCCESS,SUCCESS,0.55,2.0007447406531074e-20,0.7599922905891091,1.0677785359502334,0.4986551275199177,-0.29912097255666054,0.7599999745497055,0.3077862453611243,0.001606664630367626,6.649027784375802e-05,0.3111111111111111,1.0,True,0.041050586,9.717899462243672,74.43524247200003,,physical lift and upright placement verified
17,17,positive_y_barrier,RRTConnectkConfigDefault,0.37,0.08,0.17,0.12,0.2,0.34,SUCCESS,SUCCESS,0.54,-0.1,0.7599922905891091,0.8991182485176714,0.4988836379313518,-0.2989884917815019,0.7599999570348281,0.1391259579285623,0.001506457150486417,4.516938675536285e-05,0.35555555555555557,1.0,True,0.019280981,6.566080866994566,53.84342619299969,,physical lift and upright placement verified
18,18,negative_y_barrier,RRTConnectkConfigDefault,0.37,-0.08,0.17,0.12,0.2,0.34,FAILED,FAILED,0.54,0.1,0.7599922905891091,0.760025215171254,0.5459715899466232,0.10192612030108662,0.7599999518730614,,,,0.35555555555555557,1.0,True,0.0,1.5650416794705733,57.65353853100078,physical_grasp,pick pipeline failed: physical_grasp_check failed after retries: object_lift_delta=0.0000m
19,19,center_tall_barrier,RRTConnectkConfigDefault,0.37,0.0,0.18,0.12,0.18,0.36,SUCCESS,SUCCESS,0.55,2.0007447406531074e-20,0.7599922905891091,1.3766366744774257,0.4999977645732039,-0.3000360728028277,0.7599999792643183,0.6166443838883165,3.6142006955546654e-05,2.2214527458981644e-05,0.3111111111111111,1.0,True,0.030400828,8.820877739296193,77.08623441999953,,physical lift and upright placement verified
20,20,positive_y_barrier,RRTConnectkConfigDefault,0.37,0.08,0.17,0.12,0.2,0.34,SUCCESS,SUCCESS,0.54,-0.1,0.7599922905891091,0.903946156727924,0.49900643151755153,-0.29929773549727756,0.7599998890115025,0.1439538661388149,0.0012166978973506039,8.664435522646549e-05,0.35555555555555557,1.0,True,0.019723241,6.139043764860932,78.20912418899934,,physical lift and upright placement verified
21,21,negative_y_barrier,RRTConnectkConfigDefault,0.37,-0.08,0.17,0.12,0.2,0.34,SUCCESS,SUCCESS,0.54,0.1,0.7599922905891091,1.2239768105788638,0.49319706908215516,-0.3041306875184828,0.7599998883452074,0.46398451998975465,0.00795879692295173,0.00011896899981811754,0.35555555555555557,1.0,True,0.041097065,7.834934036218293,68.88196620100007,,physical lift and upright placement verified
22,22,center_tall_barrier,RRTConnectkConfigDefault,0.37,0.0,0.18,0.12,0.18,0.36,FAILED,FAILED,0.55,2.0007447406531074e-20,0.7599922905891091,1.3818453484896998,0.49369030641081657,-0.2852490382048042,0.896550661129688,,,,0.3111111111111111,1.0,True,0.015920731,7.326308603136896,60.24634840699946,cartesian_motion,"pick pipeline failed: cartesian_place_descent: fraction=0.800, required=0.980, moveit_error_code=1"
23,23,positive_y_barrier,RRTConnectkConfigDefault,0.37,0.08,0.17,0.12,0.2,0.34,SUCCESS,SUCCESS,0.54,-0.1,0.7599922905891091,0.9009780755780231,0.49743420053263426,-0.2979040196883455,0.7599999393128033,0.140985784988914,0.0033130741581287363,0.00010050986566288513,0.35555555555555557,1.0,True,0.029647932,6.326712366567552,52.977781883000716,,physical lift and upright placement verified
24,24,negative_y_barrier,RRTConnectkConfigDefault,0.37,-0.08,0.17,0.12,0.2,0.34,SUCCESS,SUCCESS,0.54,0.1,0.7599922905891091,1.2728072895975289,0.5080812910138458,-0.2879940664524964,0.7599999110316035,0.5128149990084198,0.014472377303174896,0.0001270574684396273,0.35555555555555557,1.0,True,0.045388363,10.242598279621616,76.60228245799954,,physical lift and upright placement verified
25,25,center_tall_barrier,RRTConnectkConfigDefault,0.37,0.0,0.18,0.12,0.18,0.36,SUCCESS,SUCCESS,0.55,2.0007447406531074e-20,0.7599922905891091,1.0768673357198537,0.4992295493441033,-0.29956111169381594,0.7599999752163078,0.3168750451307446,0.0008866888738960222,0.00010921630528612366,0.3111111111111111,1.0,True,0.031118826000000002,9.803747625370669,75.99890025400055,,physical lift and upright placement verified
26,26,positive_y_barrier,RRTConnectkConfigDefault,0.37,0.08,0.17,0.12,0.2,0.34,SUCCESS,SUCCESS,0.54,-0.1,0.7599922905891091,0.8920705676665394,0.4999809032127808,-0.3001421987732448,0.7599999385345972,0.13207827707743025,0.00014347537130954437,9.446842394203537e-05,0.35555555555555557,1.0,True,0.020631214999999998,8.853002365048253,77.09547192699938,,physical lift and upright placement verified
27,27,negative_y_barrier,RRTConnectkConfigDefault,0.37,-0.08,0.17,0.12,0.2,0.34,SUCCESS,SUCCESS,0.54,0.1,0.7599922905891091,1.13976078731133,0.48919121096597123,-0.30042979566648687,0.7599999583334957,0.3797684967222209,0.010817330756651915,1.2342862421580037e-05,0.35555555555555557,1.0,True,0.044808232,11.129565129467025,78.28998093500013,,physical lift and upright placement verified
28,28,center_tall_barrier,RRTConnectkConfigDefault,0.37,0.0,0.18,0.12,0.18,0.36,SUCCESS,SUCCESS,0.55,2.0007447406531074e-20,0.7599922905891091,1.1147371344203438,0.49894344505761995,-0.2989627183430381,0.7599999491439792,0.3547448438312347,0.0014806287801888828,0.00010261989868306869,0.3111111111111111,1.0,True,0.03239964,10.952988423686616,81.02707320900117,,physical lift and upright placement verified
29,29,positive_y_barrier,RRTConnectkConfigDefault,0.37,0.08,0.17,0.12,0.2,0.34,SUCCESS,SUCCESS,0.54,-0.1,0.7599922905891091,0.8969560795969589,0.4986487343105064,-0.2986330479691785,0.7599999012428565,0.13696378900784978,0.0019221021897710413,0.00010678315979033455,0.35555555555555557,1.0,True,0.029042219,6.513820008633088,54.195123424000485,,physical lift and upright placement verified
30,30,negative_y_barrier,RRTConnectkConfigDefault,0.37,-0.08,0.17,0.12,0.2,0.34,SUCCESS,SUCCESS,0.54,0.1,0.7599922905891091,1.0501135896667952,0.5039781253515774,-0.2982492052421172,0.7599999504715436,0.29012129907768613,0.004346350607066305,4.700409694602584e-05,0.35555555555555557,1.0,True,0.051477057,9.990675456446077,76.76514332499937,,physical lift and upright placement verified
31,1,center_tall_barrier,PRMkConfigDefault,0.37,0.0,0.18,0.12,0.18,0.36,SUCCESS,SUCCESS,0.55,2.0007447406531074e-20,0.7599922905891091,1.1386755122842127,0.4982939374320851,-0.29811769539481203,0.7599999115544042,0.3786832216951036,0.002540417312209701,9.343654473121885e-05,0.3111111111111111,1.0,True,0.048411709,8.398062118669094,69.57341830299993,,physical lift and upright placement verified
32,2,positive_y_barrier,PRMkConfigDefault,0.37,0.08,0.17,0.12,0.2,0.34,SUCCESS,SUCCESS,0.54,-0.1,0.7599922905891091,0.8985124389472687,0.49958814515881345,-0.2995924662222892,0.7599999452006262,0.13852014835815962,0.0005794033078840756,9.572550327940458e-05,0.35555555555555557,1.0,True,0.057912714000000004,8.532047214779178,65.98489703400082,,physical lift and upright placement verified
33,3,negative_y_barrier,PRMkConfigDefault,0.37,-0.08,0.17,0.12,0.2,0.34,SUCCESS,SUCCESS,0.54,0.1,0.7599922905891091,1.1835391864964702,0.4983519359804039,-0.28414459635567696,0.7599999430216458,0.42354689590736105,0.015940826193781357,0.00010430374814732978,0.35555555555555557,1.0,True,0.046192437,7.318458980619409,68.66681306600003,,physical lift and upright placement verified
34,4,center_tall_barrier,PRMkConfigDefault,0.37,0.0,0.18,0.12,0.18,0.36,SUCCESS,SUCCESS,0.55,2.0007447406531074e-20,0.7599922905891091,1.2842638285040695,0.49783528098450514,-0.28731012046616905,0.759999924603186,0.5242715379149604,0.01287319117409786,0.0001115572154216257,0.3111111111111111,1.0,True,0.037455346,8.273596608055442,69.4248080489997,,physical lift and upright placement verified
35,5,positive_y_barrier,PRMkConfigDefault,0.37,0.08,0.17,0.12,0.2,0.34,SUCCESS,SUCCESS,0.54,-0.1,0.7599922905891091,0.8928214337097119,0.5009786800951652,-0.3008968275638918,0.7599999302137315,0.1328291431206028,0.0013274465762880422,9.494177922860575e-05,0.35555555555555557,1.0,True,0.046269949000000005,8.707441581447592,63.37241671999982,,physical lift and upright placement verified
36,6,negative_y_barrier,PRMkConfigDefault,0.37,-0.08,0.17,0.12,0.2,0.34,SUCCESS,SUCCESS,0.54,0.1,0.7599922905891091,1.2926843519049913,0.498974653416363,-0.2989749977720339,0.7599998812992079,0.5326920613158822,0.0014498155737890973,9.480348086061021e-05,0.35555555555555557,1.0,True,0.044378994000000005,7.773066305350548,66.85140874399985,,physical lift and upright placement verified
37,7,center_tall_barrier,PRMkConfigDefault,0.37,0.0,0.18,0.12,0.18,0.36,SUCCESS,SUCCESS,0.55,2.0007447406531074e-20,0.7599922905891091,1.225062352398071,0.49989414634050017,-0.2998718763070618,0.7599999851345619,0.46507006180896193,0.00016619469950213985,1.2948118433879161e-05,0.3111111111111111,1.0,True,0.028789816000000003,8.074806631160046,70.46617642399906,,physical lift and upright placement verified
38,8,positive_y_barrier,PRMkConfigDefault,0.37,0.08,0.17,0.12,0.2,0.34,SUCCESS,SUCCESS,0.54,-0.1,0.7599922905891091,0.8925595662894987,0.4994442995474132,-0.2995279261193982,0.7599999028428079,0.13256727570038962,0.000729147962481626,9.995716993211659e-05,0.35555555555555557,1.0,True,0.036636121,6.244267711701743,53.58294797000053,,physical lift and upright placement verified
39,9,negative_y_barrier,PRMkConfigDefault,0.37,-0.08,0.17,0.12,0.2,0.34,SUCCESS,SUCCESS,0.54,0.1,0.7599922905891091,1.1756405230416385,0.4992227687729439,-0.3088945495040904,0.7599999808637613,0.41564823245252935,0.008928443272003931,1.0866764427531615e-05,0.35555555555555557,1.0,True,0.038137189,8.06974681643391,67.55430070900002,,physical lift and upright placement verified
40,10,center_tall_barrier,PRMkConfigDefault,0.37,0.0,0.18,0.12,0.18,0.36,SUCCESS,SUCCESS,0.55,2.0007447406531074e-20,0.7599922905891091,0.8920525989521535,0.4980331221932294,-0.29823171886367184,0.7599999736276565,0.1320603083630444,0.002644886856664403,0.00011101684086293558,0.3111111111111111,1.0,True,0.103701207,9.152920941005974,75.87367988500046,,physical lift and upright placement verified
41,11,positive_y_barrier,PRMkConfigDefault,0.37,0.08,0.17,0.12,0.2,0.34,SUCCESS,SUCCESS,0.54,-0.1,0.7599922905891091,0.8885178609423711,0.5000018028701922,-0.2999797960626599,0.7599999883760137,0.12852557035326195,2.0284219484354517e-05,6.557959812547711e-06,0.35555555555555557,1.0,True,0.05156296,8.794769154552299,66.42234341400035,,physical lift and upright placement verified
42,12,negative_y_barrier,PRMkConfigDefault,0.37,-0.08,0.17,0.12,0.2,0.34,SUCCESS,SUCCESS,0.54,0.1,0.7599922905891091,1.317505938867485,0.4994764322334181,-0.2994810625349297,0.7599999848622189,0.5575136482783759,0.0007371697898627734,1.3309014001239913e-05,0.35555555555555557,1.0,True,0.040174093,7.985147288887515,69.21619030900001,,physical lift and upright placement verified
43,13,center_tall_barrier,PRMkConfigDefault,0.37,0.0,0.18,0.12,0.18,0.36,SUCCESS,SUCCESS,0.55,2.0007447406531074e-20,0.7599922905891091,1.3417083660642506,0.500289515437519,-0.30025817178288017,0.7599999349807572,0.5817160754751415,0.0003879070278621419,0.00010610177310695766,0.3111111111111111,1.0,True,0.050058909,8.502385677685533,70.97499293999863,,physical lift and upright placement verified
44,14,positive_y_barrier,PRMkConfigDefault,0.37,0.08,0.17,0.12,0.2,0.34,SUCCESS,SUCCESS,0.54,-0.1,0.7599922905891091,0.8862451528552762,0.4978498350907442,-0.29808305240214433,0.7599999761134936,0.12625286226616705,0.002880607094084527,1.3713635377634418e-05,0.35555555555555557,1.0,True,0.037199803000000004,6.1479378384961025,52.99123068600056,,physical lift and upright placement verified
45,15,negative_y_barrier,PRMkConfigDefault,0.37,-0.08,0.17,0.12,0.2,0.34,SUCCESS,SUCCESS,0.54,0.1,0.7599922905891091,1.3122892804706696,0.4997000086807812,-0.2997048982176663,0.7599998719958786,0.5522969898815605,0.00042080859060647237,0.00011125951525004452,0.35555555555555557,1.0,True,0.025014766,8.009016624402905,69.07538437699986,,physical lift and upright placement verified
46,16,center_tall_barrier,PRMkConfigDefault,0.37,0.0,0.18,0.12,0.18,0.36,SUCCESS,SUCCESS,0.55,2.0007447406531074e-20,0.7599922905891091,1.1558388660459957,0.4990675407987797,-0.29904099191230676,0.759999949300704,0.3958465754568866,0.0013376010903000425,4.9585068295414944e-05,0.3111111111111111,1.0,True,0.037620756,10.311018031484373,77.78241625600094,,physical lift and upright placement verified
47,17,positive_y_barrier,PRMkConfigDefault,0.37,0.08,0.17,0.12,0.2,0.34,SUCCESS,SUCCESS,0.54,-0.1,0.7599922905891091,0.8986710209506955,0.49998138461206165,-0.30000143473437146,0.7599999533351587,0.1386787303615864,1.8670653668773595e-05,7.335500745653167e-05,0.35555555555555557,1.0,True,0.037217985999999995,8.788445529980923,66.5239115910008,,physical lift and upright placement verified
48,18,negative_y_barrier,PRMkConfigDefault,0.37,-0.08,0.17,0.12,0.2,0.34,SUCCESS,SUCCESS,0.54,0.1,0.7599922905891091,1.3114890563598065,0.49891028756340694,-0.2991499763611058,0.7599999831414335,0.5514967657706974,0.0013820323373310481,1.2835032264144346e-05,0.35555555555555557,1.0,True,0.03849245,8.080911106129943,69.58711341699927,,physical lift and upright placement verified
49,19,center_tall_barrier,PRMkConfigDefault,0.37,0.0,0.18,0.12,0.18,0.36,SUCCESS,SUCCESS,0.55,2.0007447406531074e-20,0.7599922905891091,1.292155596669157,0.49910052206351924,-0.29910955841341835,0.7599999790253975,0.5321633060800478,0.0012656803616117492,1.7245382313122805e-05,0.3111111111111111,1.0,True,0.047468066,8.609703529217597,80.69626598700052,,physical lift and upright placement verified
50,20,positive_y_barrier,PRMkConfigDefault,0.37,0.08,0.17,0.12,0.2,0.34,SUCCESS,SUCCESS,0.54,-0.1,0.7599922905891091,0.8975553798163229,0.49870365876850015,-0.29872852668615285,0.7599999565584787,0.13756308922721383,0.0018158042235326872,8.736069612065117e-05,0.35555555555555557,1.0,True,0.038950683,6.355234360256546,52.660818362999635,,physical lift and upright placement verified
51,21,negative_y_barrier,PRMkConfigDefault,0.37,-0.08,0.17,0.12,0.2,0.34,SUCCESS,SUCCESS,0.54,0.1,0.7599922905891091,1.1366628180212475,0.5117479099402229,-0.2795835270792162,0.7599999405243137,0.37667052743213836,0.023555164072708634,8.527912413504834e-05,0.35555555555555557,1.0,True,0.140629689,9.938832132603036,81.60274452900012,,physical lift and upright placement verified
52,22,center_tall_barrier,PRMkConfigDefault,0.37,0.0,0.18,0.12,0.18,0.36,SUCCESS,SUCCESS,0.55,2.0007447406531074e-20,0.7599922905891091,1.0512513748380985,0.49898370289218646,-0.2989761397361488,0.7599999822456726,0.2912590842489894,0.0014426190250924997,1.870524340221744e-05,0.3111111111111111,1.0,True,0.063233202,10.85874449927748,81.84702057600043,,physical lift and upright placement verified
53,23,positive_y_barrier,PRMkConfigDefault,0.37,0.08,0.17,0.12,0.2,0.34,SUCCESS,SUCCESS,0.54,-0.1,0.7599922905891091,0.8941286021627994,0.4987635330838509,-0.29907417147393867,0.7599999747604481,0.13413631157369033,0.0015446711284403435,0.00011300493282346689,0.35555555555555557,1.0,True,0.037161845,6.102637501351184,54.175428192000254,,physical lift and upright placement verified
54,24,negative_y_barrier,PRMkConfigDefault,0.37,-0.08,0.17,0.12,0.2,0.34,SUCCESS,SUCCESS,0.54,0.1,0.7599922905891091,1.2769790622515973,0.5086764936837095,-0.2986675624071066,0.7599999787825187,0.5169867716624882,0.008778207822947474,7.423904288536384e-05,0.35555555555555557,1.0,True,0.047321791,7.972714952766182,67.26060335900002,,physical lift and upright placement verified
55,25,center_tall_barrier,PRMkConfigDefault,0.37,0.0,0.18,0.12,0.18,0.36,SUCCESS,SUCCESS,0.55,2.0007447406531074e-20,0.7599922905891091,0.9018408533553917,0.5002726383223025,-0.299695674522747,0.759999848900958,0.14184856276628255,0.0004085898600358548,0.00011070122731496286,0.3111111111111111,1.0,True,0.098099193,9.635242628928186,73.14594541899896,,physical lift and upright placement verified
56,26,positive_y_barrier,PRMkConfigDefault,0.37,0.08,0.17,0.12,0.2,0.34,SUCCESS,SUCCESS,0.54,-0.1,0.7599922905891091,0.8874523793800523,0.4990258496231747,-0.2992052571097123,0.7599999402703005,0.12746008879094317,0.001257213276218218,0.00010121449667010586,0.35555555555555557,1.0,True,0.041165320000000005,6.279323751849698,54.04243210099958,,physical lift and upright placement verified
57,27,negative_y_barrier,PRMkConfigDefault,0.37,-0.08,0.17,0.12,0.2,0.34,FAILED,FAILED,0.54,0.1,0.7599922905891091,0.7599994211828185,0.54,0.1,0.7599994211828185,,,,0.35555555555555557,1.0,True,0.0,6.239576420438671,40.943617349001215,cartesian_motion,"pick pipeline failed: cartesian_approach: fraction=0.442, required=0.980, moveit_error_code=1"
58,28,center_tall_barrier,PRMkConfigDefault,0.37,0.0,0.18,0.12,0.18,0.36,SUCCESS,SUCCESS,0.55,2.0007447406531074e-20,0.7599922905891091,1.0689743205982474,0.4869997153202525,-0.29156781345536376,0.7599999249640099,0.30898203000913826,0.015495456485165338,9.078147519024578e-05,0.3111111111111111,1.0,True,0.064160578,9.497563327025846,70.9559275369993,,physical lift and upright placement verified
59,29,positive_y_barrier,PRMkConfigDefault,0.37,0.08,0.17,0.12,0.2,0.34,SUCCESS,SUCCESS,0.54,-0.1,0.7599922905891091,0.8933314189562667,0.49833357120372546,-0.29840382112543373,0.7599999515371043,0.13333912836715756,0.0023075467351742368,7.754784247178826e-05,0.35555555555555557,1.0,True,0.068828454,9.50046250319582,65.94401226300033,,physical lift and upright placement verified
60,30,negative_y_barrier,PRMkConfigDefault,0.37,-0.08,0.17,0.12,0.2,0.34,SUCCESS,SUCCESS,0.54,0.1,0.7599922905891091,1.2861954952767354,0.49552275951412295,-0.2921788950920778,0.7599998351062801,0.5262032046876263,0.009011956745140944,0.00011160621064355028,0.35555555555555557,1.0,True,0.054204648999999994,7.880519141566504,67.21326401000078,,physical lift and upright placement verified
61,1,center_tall_barrier,RRTstarkConfigDefault,0.37,0.0,0.18,0.12,0.18,0.36,SUCCESS,SUCCESS,0.55,2.0007447406531074e-20,0.7599922905891091,1.1904213150427525,0.4991102411547785,-0.2991294119897973,0.7599999833977298,0.4304290244536434,0.0012448270106461498,1.286339701092445e-05,0.3111111111111111,1.0,True,16.005067515,7.782581674357498,107.77201879699896,,physical lift and upright placement verified
62,2,positive_y_barrier,RRTstarkConfigDefault,0.37,0.08,0.17,0.12,0.2,0.34,SUCCESS,SUCCESS,0.54,-0.1,0.7599922905891091,0.8923154973028585,0.5001922434522106,-0.30011847919408596,0.7599999152907511,0.13232320671374942,0.00022582044089223093,0.00011986021155463249,0.35555555555555557,1.0,True,16.004314541,7.285054458226949,83.32397130800018,,physical lift and upright placement verified
63,3,negative_y_barrier,RRTstarkConfigDefault,0.37,-0.08,0.17,0.12,0.2,0.34,SUCCESS,SUCCESS,0.54,0.1,0.7599922905891091,1.3298769202651404,0.4998081225535538,-0.30012063148491763,0.7599995291342131,0.5698846296760313,0.00022664759280157187,0.00011067159239880744,0.35555555555555557,1.0,True,16.004253063999997,8.107554254772081,93.60587716999908,,physical lift and upright placement verified
64,4,center_tall_barrier,RRTstarkConfigDefault,0.37,0.0,0.18,0.12,0.18,0.36,SUCCESS,SUCCESS,0.55,2.0007447406531074e-20,0.7599922905891091,0.9459302716362227,0.5006462005637582,-0.300345171314648,0.7599998962098373,0.18593798104711357,0.0007326106850364915,8.955674523836769e-05,0.3111111111111111,1.0,True,16.004380184,9.98856420898676,121.82775912999932,,physical lift and upright placement verified
65,5,positive_y_barrier,RRTstarkConfigDefault,0.37,0.08,0.17,0.12,0.2,0.34,SUCCESS,SUCCESS,0.54,-0.1,0.7599922905891091,0.8912928789032344,0.49824168961813614,-0.29873007730748985,0.7599999765972737,0.13130058831412528,0.0021689534445142244,1.3976876963794299e-05,0.35555555555555557,1.0,True,16.004253722,7.691132049692521,90.04151638099938,,physical lift and upright placement verified
66,6,negative_y_barrier,RRTstarkConfigDefault,0.37,-0.08,0.17,0.12,0.2,0.34,SUCCESS,SUCCESS,0.54,0.1,0.7599922905891091,1.040906079046344,0.5004883518880043,-0.2728723134018271,0.7599999236346163,0.2809137884572349,0.027132081891020413,0.00012603503614245406,0.35555555555555557,1.0,True,16.004311018,8.700871329482094,140.84159585199995,,physical lift and upright placement verified
67,7,center_tall_barrier,RRTstarkConfigDefault,0.37,0.0,0.18,0.12,0.18,0.36,SUCCESS,SUCCESS,0.55,2.0007447406531074e-20,0.7599922905891091,1.3017964526941666,0.4998400529537305,-0.29983418182221006,0.7599999471841076,0.5418041621050574,0.0002303882125574664,4.623797189200755e-05,0.3111111111111111,1.0,True,16.004022445,8.442899125662375,118.40317050500016,,physical lift and upright placement verified
68,8,positive_y_barrier,RRTstarkConfigDefault,0.37,0.08,0.17,0.12,0.2,0.34,SUCCESS,SUCCESS,0.54,-0.1,0.7599922905891091,0.8904426735678441,0.4989775575048578,-0.29893475385104085,0.7599999422482253,0.130450382978735,0.0014765290437645288,9.65368472555873e-05,0.35555555555555557,1.0,True,16.003977232,9.652446706017546,89.13280027200017,,physical lift and upright placement verified
69,9,negative_y_barrier,RRTstarkConfigDefault,0.37,-0.08,0.17,0.12,0.2,0.34,SUCCESS,SUCCESS,0.54,0.1,0.7599922905891091,0.917136748308745,0.49805108131891274,-0.3050254127672499,0.7599999568276344,0.15714445771963592,0.005390088821957709,6.589008832051634e-05,0.35555555555555557,1.0,True,16.005461736,9.482229725638165,140.12523037100073,,physical lift and upright placement verified
70,10,center_tall_barrier,RRTstarkConfigDefault,0.37,0.0,0.18,0.12,0.18,0.36,SUCCESS,SUCCESS,0.55,2.0007447406531074e-20,0.7599922905891091,1.18123499923392,0.5074628904297059,-0.27869336070166556,0.759999960652684,0.42124270864481084,0.022575819182405626,0.00010172812416418947,0.3111111111111111,1.0,True,16.004204084,8.616327363319154,135.00449759100047,,physical lift and upright placement verified
71,11,positive_y_barrier,RRTstarkConfigDefault,0.37,0.08,0.17,0.12,0.2,0.34,SUCCESS,SUCCESS,0.54,-0.1,0.7599922905891091,0.8874945407044981,0.4991137178419123,-0.29911746133155986,0.7599997458895661,0.12750225011538896,0.0012507480280251565,0.00014169556262902383,0.35555555555555557,1.0,True,16.005585376,6.195326525356902,77.01136126100027,,physical lift and upright placement verified
72,12,negative_y_barrier,RRTstarkConfigDefault,0.37,-0.08,0.17,0.12,0.2,0.34,FAILED,FAILED,0.54,0.1,0.7599922905891091,0.8539592405496169,0.5391929834072875,0.09998972891750646,0.8539459382122462,,,,0.35555555555555557,1.0,True,0.0,1.5685518450254485,115.08716913999888,planner_constraint,pick pipeline failed: direct-place candidate validation failed: joint_path_length=5.195rad exceeds transfer limit 4.500rad
73,13,center_tall_barrier,RRTstarkConfigDefault,0.37,0.0,0.18,0.12,0.18,0.36,SUCCESS,SUCCESS,0.55,2.0007447406531074e-20,0.7599922905891091,1.0419301412865927,0.4985896055402019,-0.29859496674684827,0.7599998644671797,0.28193785069748356,0.0019908116417834466,9.138170305686098e-05,0.3111111111111111,1.0,True,16.004826361,10.870961465145045,143.1396273850005,,physical lift and upright placement verified
74,14,positive_y_barrier,RRTstarkConfigDefault,0.37,0.08,0.17,0.12,0.2,0.34,SUCCESS,SUCCESS,0.54,-0.1,0.7599922905891091,0.8911914845586986,0.49873093154615605,-0.29894801032716645,0.759999931276505,0.13119919396958946,0.001648398318675801,9.288492256768726e-05,0.35555555555555557,1.0,True,16.004366695999998,6.420288018341886,77.52121255299971,,physical lift and upright placement verified
75,15,negative_y_barrier,RRTstarkConfigDefault,0.37,-0.08,0.17,0.12,0.2,0.34,SUCCESS,SUCCESS,0.54,0.1,0.7599922905891091,1.009448116330075,0.4919718169102924,-0.2951063555930497,0.7599998651227304,0.24945582574096592,0.009402099729408036,9.559977670793574e-05,0.35555555555555557,1.0,True,16.005674346,8.340668589613276,128.97773966300156,,physical lift and upright placement verified
76,16,center_tall_barrier,RRTstarkConfigDefault,0.37,0.0,0.18,0.12,0.18,0.36,SUCCESS,SUCCESS,0.55,2.0007447406531074e-20,0.7599922905891091,1.37605729947614,0.500264781316406,-0.30015036388762967,0.7599999228147245,0.6160650088870309,0.00030449704461348146,0.00011371226547309568,0.3111111111111111,1.0,True,16.008114072,8.953479934228206,99.70064751000064,,physical lift and upright placement verified
77,17,positive_y_barrier,RRTstarkConfigDefault,0.37,0.08,0.17,0.12,0.2,0.34,FAILED,,,,,,,,,,,,,,,,,181.31391504900057,infrastructure_startup,"infrastructure startup failed: controller spawners exited before activation (joint_state_broadcaster, panda_arm_controller, panda_hand_controller)"
78,18,negative_y_barrier,RRTstarkConfigDefault,0.37,-0.08,0.17,0.12,0.2,0.34,FAILED,,,,,,,,,,,,,,,,,181.25061616899984,infrastructure_startup,"infrastructure startup failed: controller spawners exited before activation (joint_state_broadcaster, panda_arm_controller, panda_hand_controller)"
79,19,center_tall_barrier,RRTstarkConfigDefault,0.37,0.0,0.18,0.12,0.18,0.36,FAILED,,,,,,,,,,,,,,,,,181.23171507299958,infrastructure_startup,"infrastructure startup failed: controller spawners exited before activation (joint_state_broadcaster, panda_arm_controller, panda_hand_controller)"
80,20,positive_y_barrier,RRTstarkConfigDefault,0.37,0.08,0.17,0.12,0.2,0.34,SUCCESS,SUCCESS,0.54,-0.1,0.7599922905891091,0.8918896279976635,0.5001114418665508,-0.3000140696693652,0.759999934769415,0.13189733740855436,0.00011232653057668474,9.713903225940666e-05,0.35555555555555557,1.0,True,16.002936348,6.238612357203974,78.29160585700083,,physical lift and upright placement verified
81,21,negative_y_barrier,RRTstarkConfigDefault,0.37,-0.08,0.17,0.12,0.2,0.34,SUCCESS,SUCCESS,0.54,0.1,0.7599922905891091,1.265058064598748,0.5041082362122119,-0.2973363248361094,0.7599999736852836,0.5050657740096388,0.004896199562390127,0.00011242289599280967,0.35555555555555557,1.0,True,16.004172879,7.790607571829596,130.2880937230002,,physical lift and upright placement verified
82,22,center_tall_barrier,RRTstarkConfigDefault,0.37,0.0,0.18,0.12,0.18,0.36,SUCCESS,SUCCESS,0.55,2.0007447406531074e-20,0.7599922905891091,1.3569380691206787,0.5003134431041193,-0.3002744212768147,0.759999823565398,0.5969457785315696,0.00041659770500774586,9.735266080759678e-05,0.3111111111111111,1.0,True,16.003311295,8.758730557401961,104.1428888040009,,physical lift and upright placement verified
83,23,positive_y_barrier,RRTstarkConfigDefault,0.37,0.08,0.17,0.12,0.2,0.34,FAILED,,,,,,,,,,,,,,,,,181.33441541899992,infrastructure_startup,"infrastructure startup failed: controller spawners exited before activation (joint_state_broadcaster, panda_arm_controller, panda_hand_controller)"
84,24,negative_y_barrier,RRTstarkConfigDefault,0.37,-0.08,0.17,0.12,0.2,0.34,SUCCESS,SUCCESS,0.54,0.1,0.7599922905891091,1.049829827890701,0.4970422320928876,-0.3080231952755846,0.7599999908279845,0.2898375373015919,0.008551026454326465,1.4787793334710982e-06,0.35555555555555557,1.0,True,16.003235704,8.461040120659463,154.0798782239999,,physical lift and upright placement verified
85,25,center_tall_barrier,RRTstarkConfigDefault,0.37,0.0,0.18,0.12,0.18,0.36,SUCCESS,SUCCESS,0.55,2.0007447406531074e-20,0.7599922905891091,1.2034338999216052,0.499611230313002,-0.29961667562905625,0.7599997693512109,0.4434416093324961,0.0005459665704846946,9.713903225940666e-05,0.3111111111111111,1.0,True,16.003177870000002,7.617162579372065,107.24510873500003,,physical lift and upright placement verified
86,26,positive_y_barrier,RRTstarkConfigDefault,0.37,0.08,0.17,0.12,0.2,0.34,SUCCESS,SUCCESS,0.54,-0.1,0.7599922905891091,0.8857120625670235,0.4998083442769553,-0.29986367241042916,0.7599999831836042,0.1257197719779144,0.0002351959356297792,2.016786123962658e-05,0.35555555555555557,1.0,True,16.002810487,6.021538458189864,81.0747928030014,,physical lift and upright placement verified
87,27,negative_y_barrier,RRTstarkConfigDefault,0.37,-0.08,0.17,0.12,0.2,0.34,FAILED,FAILED,0.54,0.1,0.7599922905891091,0.7606115857052722,0.5922560272110281,0.06443947598372252,0.7600003075635364,,,,0.35555555555555557,1.0,True,0.0,3.686139159665635,55.24921431999974,physical_grasp,pick pipeline failed: grasp_recenter: target moved 0.0632m outside recovery envelope
88,28,center_tall_barrier,RRTstarkConfigDefault,0.37,0.0,0.18,0.12,0.18,0.36,SUCCESS,SUCCESS,0.55,2.0007447406531074e-20,0.7599922905891091,1.2938682256296796,0.5004687257257207,-0.3006031351322303,0.7599998455331992,0.5338759350405705,0.0007638558879414526,4.294405058626227e-05,0.3111111111111111,1.0,True,16.003522164,8.211571470058114,93.40768522500002,,physical lift and upright placement verified
89,29,positive_y_barrier,RRTstarkConfigDefault,0.37,0.08,0.17,0.12,0.2,0.34,SUCCESS,SUCCESS,0.54,-0.1,0.7599922905891091,0.893128790830336,0.5000771962399801,-0.3002605198499821,0.759999936028508,0.13313650024122692,0.0002717164989361522,8.813326331383108e-05,0.35555555555555557,1.0,True,16.003337275,6.384799391438291,76.64068508699893,,physical lift and upright placement verified
90,30,negative_y_barrier,RRTstarkConfigDefault,0.37,-0.08,0.17,0.12,0.2,0.34,SUCCESS,SUCCESS,0.54,0.1,0.7599922905891091,1.3037406763073165,0.49920110287301955,-0.29981110319684157,0.7599999819873687,0.5437483857182074,0.0008209254668150689,1.344524082641768e-05,0.35555555555555557,1.0,True,16.004686244,7.96086516864498,108.36867020099999,,physical lift and upright placement verified
