adduser	3.137ubuntu1
adwaita-icon-theme	46.0-1
alsa-topology-conf	1.2.5.1-2
alsa-ucm-conf	1.2.10-1ubuntu5.11
apparmor	4.0.1really4.0.1-0ubuntu0.24.04.3
apport	2.28.1-0ubuntu3.8
apport-core-dump-handler	2.28.1-0ubuntu3.8
apport-symptoms	0.25
appstream	1.0.2-1build6
apt	2.7.14build2
apt-utils	2.7.14build2
aptitude	0.8.13-5ubuntu5
aptitude-common	0.8.13-5ubuntu5
at-spi2-common	2.52.0-1build1
at-spi2-core	2.52.0-1build1
autoconf	2.71-3
automake	1:1.16.5-1.3ubuntu1
autotools-dev	20220109.1
avahi-daemon	0.8-13ubuntu6.2
babeltrace	1.5.11-3build3
base-files	13ubuntu10.1
base-passwd	3.6.3build1
bash	5.2.21-2ubuntu4
bash-completion	1:2.11-8
bc	1.07.1-3ubuntu4
binutils	2.42-4ubuntu2.8
binutils-common:amd64	2.42-4ubuntu2.8
binutils-x86-64-linux-gnu	2.42-4ubuntu2.8
blt	2.5.3+dfsg-7build1
bsdextrautils	2.39.3-9ubuntu6.5
bsdutils	1:2.39.3-9ubuntu6.5
build-essential	12.10ubuntu1
byobu	6.11-0ubuntu1
bzip2	1.0.8-5.1build0.1
bzip2-doc	1.0.8-5.1build0.1
ca-certificates	20260601~24.04.1
ca-certificates-java	20240118
catch2	3.4.0-1build1
cloud-guest-utils	0.33-1
cloud-init	25.1.4-0ubuntu0~24.04.1
cmake	3.28.3-1build7
cmake-data	3.28.3-1build7
comerr-dev:amd64	2.1-1.47.0-2.4~exp1ubuntu4.1
command-not-found	23.04.0
console-setup	1.226ubuntu1
console-setup-linux	1.226ubuntu1
coreutils	9.4-3ubuntu6
cpp	4:13.2.0-7ubuntu1
cpp-13	13.3.0-6ubuntu2~24.04.1
cpp-13-x86-64-linux-gnu	13.3.0-6ubuntu2~24.04.1
cpp-x86-64-linux-gnu	4:13.2.0-7ubuntu1
cppcheck	2.13.0-2ubuntu3
cppzmq-dev:amd64	4.10.0-1build1
cron	3.0pl1-184ubuntu2
cron-daemon-common	3.0pl1-184ubuntu2
curl	8.5.0-2ubuntu10.11
dash	0.5.12-6ubuntu5
dbus	1.14.10-4ubuntu4.1
dbus-bin	1.14.10-4ubuntu4.1
dbus-daemon	1.14.10-4ubuntu4.1
dbus-session-bus-common	1.14.10-4ubuntu4.1
dbus-system-bus-common	1.14.10-4ubuntu4.1
dbus-user-session	1.14.10-4ubuntu4.1
dbus-x11	1.14.10-4ubuntu4.1
dconf-gsettings-backend:amd64	0.40.0-4build2
dconf-service	0.40.0-4build2
debconf	1.5.86ubuntu1
debconf-i18n	1.5.86ubuntu1
debianutils	5.17build1
default-jdk	2:1.21-75+exp1
default-jdk-headless	2:1.21-75+exp1
default-jre	2:1.21-75+exp1
default-jre-headless	2:1.21-75+exp1
default-libmysqlclient-dev:amd64	1.1.0build1
dhcpcd-base	1:10.0.6-1ubuntu3.1
diffutils	1:3.10-1build1
dirmngr	2.4.4-2ubuntu17.4
distro-info	1.7build1
distro-info-data	0.72-0ubuntu0.24.04.1
dmsetup	2:1.02.185-3ubuntu3.1
docutils-common	0.20.1+dfsg-3
dpkg	1.22.6ubuntu6.6
dpkg-dev	1.22.6ubuntu6.6
e2fsprogs	1.47.0-2.4~exp1ubuntu4.1
e2fsprogs-l10n	1.47.0-2.4~exp1ubuntu4.1
eatmydata	131-1ubuntu1
ed	1.20.1-1
eject	2.39.3-9ubuntu6.5
fakeroot	1.33-1
fdisk	2.39.3-9ubuntu6.5
file	1:5.45-3build1
findutils	4.9.0-5build1
fontconfig	2.15.0-1.1ubuntu2
fontconfig-config	2.15.0-1.1ubuntu2
fonts-dejavu-core	2.37-8
fonts-dejavu-extra	2.37-8
fonts-dejavu-mono	2.37-8
fonts-lato	2.015-1
fonts-liberation	1:2.1.5-3
fonts-liberation-sans-narrow	1:1.07.6-4
fonts-liberation2	1:2.1.5-3
fonts-lyx	2.4.0~RC3-1build4
fonts-open-sans	1.11-2
fonts-ubuntu	0.869+git20240321-0ubuntu1
freeglut3-dev:amd64	3.4.0-1build1
fuse3	3.14.0-5build1
g++	4:13.2.0-7ubuntu1
g++-13	13.3.0-6ubuntu2~24.04.1
g++-13-x86-64-linux-gnu	13.3.0-6ubuntu2~24.04.1
g++-x86-64-linux-gnu	4:13.2.0-7ubuntu1
gawk	1:5.2.1-2ubuntu0.1
gcc	4:13.2.0-7ubuntu1
gcc-13	13.3.0-6ubuntu2~24.04.1
gcc-13-base:amd64	13.3.0-6ubuntu2~24.04.1
gcc-13-x86-64-linux-gnu	13.3.0-6ubuntu2~24.04.1
gcc-14-base:amd64	14.2.0-4ubuntu2~24.04.1
gcc-x86-64-linux-gnu	4:13.2.0-7ubuntu1
gdal-data	3.8.4+dfsg-3ubuntu3
gdal-plugins:amd64	3.8.4+dfsg-3ubuntu3
gdisk	1.0.10-1build1
geoclue-2.0	2.7.0-3ubuntu7
gettext-base	0.21-14ubuntu2
gfortran	4:13.2.0-7ubuntu1
gfortran-13	13.3.0-6ubuntu2~24.04.1
gfortran-13-x86-64-linux-gnu	13.3.0-6ubuntu2~24.04.1
gfortran-x86-64-linux-gnu	4:13.2.0-7ubuntu1
gir1.2-girepository-2.0:amd64	1.80.1-1
gir1.2-glib-2.0:amd64	2.80.0-6ubuntu3.8
gir1.2-ibus-1.0:amd64	1.5.29-2
gir1.2-packagekitglib-1.0	1.2.8-2ubuntu1.5
git	1:2.43.0-1ubuntu7.3
git-man	1:2.43.0-1ubuntu7.3
glib-networking:amd64	2.80.0-1build1
glib-networking-common	2.80.0-1build1
glib-networking-services	2.80.0-1build1
glslang-dev:amd64	15.1.0-2~ubuntu0.24.04.2
glslc	2023.8-1build1
gnupg	2.4.4-2ubuntu17.4
gnupg-l10n	2.4.4-2ubuntu17.4
gnupg-utils	2.4.4-2ubuntu17.4
gnupg2	2.4.4-2ubuntu17.4
google-mock:amd64	1.14.0-1
googletest	1.14.0-1
gpg	2.4.4-2ubuntu17.4
gpg-agent	2.4.4-2ubuntu17.4
gpg-wks-client	2.4.4-2ubuntu17.4
gpgconf	2.4.4-2ubuntu17.4
gpgsm	2.4.4-2ubuntu17.4
gpgv	2.4.4-2ubuntu17.4
graphviz	2.42.2-9ubuntu0.1
grep	3.11-4build1
groff-base	1.23.0-3build2
gsettings-desktop-schemas	46.1-0ubuntu1
gstreamer1.0-plugins-base:amd64	1.24.2-1ubuntu0.4
gtk-update-icon-cache	3.24.41-4ubuntu1.2
gzip	1.12-1ubuntu3.2
hdf5-helpers	1.10.10+repack-3.1ubuntu4
hicolor-icon-theme	0.17-2
hostname	3.23+nmu2ubuntu2
humanity-icon-theme	0.6.16
i965-va-driver:amd64	2.4.1+dfsg1-1ubuntu0.2
ibverbs-providers:amd64	50.0-2ubuntu0.2
icu-devtools	74.2-1ubuntu3.1
iio-sensor-proxy	3.5-1build2
info	7.1-3build2
init	1.66ubuntu1
init-system-helpers	1.66ubuntu1
install-info	7.1-3build2
intel-media-va-driver:amd64	24.1.0+dfsg1-1ubuntu0.2
iproute2	6.1.0-1ubuntu6
iputils-ping	3:20240117-1ubuntu0.1
iso-codes	4.16.0-1
isympy-common	1.12-7
isympy3	1.12-7
java-common	0.75+exp1
javascript-common	11+nmu1
kbd	2.6.4-2ubuntu2
keyboard-configuration	1.226ubuntu1
keyboxd	2.4.4-2ubuntu17.4
kmod	31+20240202-2ubuntu7.2
krb5-locales	1.20.1-6ubuntu2.7
krb5-multidev:amd64	1.20.1-6ubuntu2.7
landscape-client	24.02-0ubuntu5.1
landscape-common	24.02-0ubuntu5.1
less	590-2ubuntu2.1
libaacs0:amd64	0.11.1-2build1
libacl1:amd64	2.3.2-1build1.1
libaec-dev:amd64	1.1.2-1build1
libaec0:amd64	1.1.2-1build1
libalgorithm-diff-perl	1.201-1
libalgorithm-diff-xs-perl:amd64	0.04-8build3
libalgorithm-merge-perl	0.08-5
libamd-comgr2:amd64	6.0+git20231212.4510c28+dfsg-3build2
libamdhip64-5	5.7.1-3
libann0	1.1.2+doc-9build1
libaom-dev:amd64	3.8.2-2ubuntu0.1
libaom3:amd64	3.8.2-2ubuntu0.1
libapparmor1:amd64	4.0.1really4.0.1-0ubuntu0.24.04.3
libappstream5:amd64	1.0.2-1build6
libapt-pkg6.0t64:amd64	2.7.14build2
libarchive13t64:amd64	3.7.2-2ubuntu0.8
libargon2-1:amd64	0~20190702+dfsg-4build1
libarmadillo-dev	1:12.6.7+dfsg-1build2
libarmadillo12	1:12.6.7+dfsg-1build2
libarpack2-dev:amd64	3.9.1-1.1build2
libarpack2t64:amd64	3.9.1-1.1build2
libasan8:amd64	14.2.0-4ubuntu2~24.04.1
libasound2-data	1.2.11-1ubuntu0.3
libasound2-dev:amd64	1.2.11-1ubuntu0.3
libasound2t64:amd64	1.2.11-1ubuntu0.3
libass9:amd64	1:0.17.1-2build1
libassimp-dev:amd64	5.3.1+ds-2build1
libassimp5:amd64	5.3.1+ds-2build1
libassuan0:amd64	2.5.6-1build1
libasyncns0:amd64	0.8-6build4
libatk-bridge2.0-0t64:amd64	2.52.0-1build1
libatk-wrapper-java	0.40.0-3build2
libatk-wrapper-java-jni:amd64	0.40.0-3build2
libatk1.0-0t64:amd64	2.52.0-1build1
libatm1t64:amd64	1:2.5.1-5.1build1
libatomic1:amd64	14.2.0-4ubuntu2~24.04.1
libatspi2.0-0t64:amd64	2.52.0-1build1
libattr1:amd64	1:2.5.2-1build1
libaudit-common	1:3.1.2-2.1build1.1
libaudit1:amd64	1:3.1.2-2.1build1.1
libavahi-client3:amd64	0.8-13ubuntu6.2
libavahi-common-data:amd64	0.8-13ubuntu6.2
libavahi-common3:amd64	0.8-13ubuntu6.2
libavahi-core7:amd64	0.8-13ubuntu6.2
libavahi-glib1:amd64	0.8-13ubuntu6.2
libavc1394-0:amd64	0.5.4-5build3
libavcodec-dev:amd64	7:6.1.1-3ubuntu5
libavcodec60:amd64	7:6.1.1-3ubuntu5
libavdevice-dev:amd64	7:6.1.1-3ubuntu5
libavdevice60:amd64	7:6.1.1-3ubuntu5
libavfilter-dev:amd64	7:6.1.1-3ubuntu5
libavfilter9:amd64	7:6.1.1-3ubuntu5
libavformat-dev:amd64	7:6.1.1-3ubuntu5
libavformat60:amd64	7:6.1.1-3ubuntu5
libavutil-dev:amd64	7:6.1.1-3ubuntu5
libavutil58:amd64	7:6.1.1-3ubuntu5
libbabeltrace1:amd64	1.5.11-3build3
libbdplus0:amd64	0.2.0-3build1
libbenchmark-dev:amd64	1.8.3-3
libbenchmark1.8.3:amd64	1.8.3-3
libbinutils:amd64	2.42-4ubuntu2.8
libblas-dev:amd64	3.12.0-3build1.1
libblas3:amd64	3.12.0-3build1.1
libblkid-dev:amd64	2.39.3-9ubuntu6.5
libblkid1:amd64	2.39.3-9ubuntu6.5
libblosc-dev:amd64	1.21.5+ds-1build1
libblosc1:amd64	1.21.5+ds-1build1
libbluray2:amd64	1:1.3.4-1build1
libboost-all-dev	1.83.0.1ubuntu2
libboost-atomic-dev:amd64	1.83.0.1ubuntu2
libboost-atomic1.83-dev:amd64	1.83.0-2.1ubuntu3.2
libboost-atomic1.83.0:amd64	1.83.0-2.1ubuntu3.2
libboost-chrono-dev:amd64	1.83.0.1ubuntu2
libboost-chrono1.83-dev:amd64	1.83.0-2.1ubuntu3.2
libboost-chrono1.83.0t64:amd64	1.83.0-2.1ubuntu3.2
libboost-container-dev:amd64	1.83.0.1ubuntu2
libboost-container1.83-dev:amd64	1.83.0-2.1ubuntu3.2
libboost-container1.83.0:amd64	1.83.0-2.1ubuntu3.2
libboost-context-dev:amd64	1.83.0.1ubuntu2
libboost-context1.83-dev:amd64	1.83.0-2.1ubuntu3.2
libboost-context1.83.0:amd64	1.83.0-2.1ubuntu3.2
libboost-coroutine-dev:amd64	1.83.0.1ubuntu2
libboost-coroutine1.83-dev:amd64	1.83.0-2.1ubuntu3.2
libboost-coroutine1.83.0:amd64	1.83.0-2.1ubuntu3.2
libboost-date-time-dev:amd64	1.83.0.1ubuntu2
libboost-date-time1.83-dev:amd64	1.83.0-2.1ubuntu3.2
libboost-date-time1.83.0:amd64	1.83.0-2.1ubuntu3.2
libboost-dev:amd64	1.83.0.1ubuntu2
libboost-exception-dev:amd64	1.83.0.1ubuntu2
libboost-exception1.83-dev:amd64	1.83.0-2.1ubuntu3.2
libboost-fiber-dev:amd64	1.83.0.1ubuntu2
libboost-fiber1.83-dev:amd64	1.83.0-2.1ubuntu3.2
libboost-fiber1.83.0:amd64	1.83.0-2.1ubuntu3.2
libboost-filesystem-dev:amd64	1.83.0.1ubuntu2
libboost-filesystem1.83-dev:amd64	1.83.0-2.1ubuntu3.2
libboost-filesystem1.83.0:amd64	1.83.0-2.1ubuntu3.2
libboost-graph-dev:amd64	1.83.0.1ubuntu2
libboost-graph-parallel-dev	1.83.0.1ubuntu2
libboost-graph-parallel1.83-dev	1.83.0-2.1ubuntu3.2
libboost-graph-parallel1.83.0	1.83.0-2.1ubuntu3.2
libboost-graph1.83-dev:amd64	1.83.0-2.1ubuntu3.2
libboost-graph1.83.0:amd64	1.83.0-2.1ubuntu3.2
libboost-iostreams-dev:amd64	1.83.0.1ubuntu2
libboost-iostreams1.83-dev:amd64	1.83.0-2.1ubuntu3.2
libboost-iostreams1.83.0:amd64	1.83.0-2.1ubuntu3.2
libboost-json-dev:amd64	1.83.0.1ubuntu2
libboost-json1.83-dev:amd64	1.83.0-2.1ubuntu3.2
libboost-json1.83.0:amd64	1.83.0-2.1ubuntu3.2
libboost-locale-dev:amd64	1.83.0.1ubuntu2
libboost-locale1.83-dev:amd64	1.83.0-2.1ubuntu3.2
libboost-locale1.83.0:amd64	1.83.0-2.1ubuntu3.2
libboost-log-dev	1.83.0.1ubuntu2
libboost-log1.83-dev	1.83.0-2.1ubuntu3.2
libboost-log1.83.0	1.83.0-2.1ubuntu3.2
libboost-math-dev:amd64	1.83.0.1ubuntu2
libboost-math1.83-dev:amd64	1.83.0-2.1ubuntu3.2
libboost-math1.83.0:amd64	1.83.0-2.1ubuntu3.2
libboost-mpi-dev	1.83.0.1ubuntu2
libboost-mpi-python-dev	1.83.0.1ubuntu2
libboost-mpi-python1.83-dev	1.83.0-2.1ubuntu3.2
libboost-mpi-python1.83.0	1.83.0-2.1ubuntu3.2
libboost-mpi1.83-dev	1.83.0-2.1ubuntu3.2
libboost-mpi1.83.0	1.83.0-2.1ubuntu3.2
libboost-nowide-dev	1.83.0.1ubuntu2
libboost-nowide1.83-dev	1.83.0-2.1ubuntu3.2
libboost-nowide1.83.0	1.83.0-2.1ubuntu3.2
libboost-numpy-dev	1.83.0.1ubuntu2
libboost-numpy1.83-dev	1.83.0-2.1ubuntu3.2
libboost-numpy1.83.0	1.83.0-2.1ubuntu3.2
libboost-program-options-dev:amd64	1.83.0.1ubuntu2
libboost-program-options1.83-dev:amd64	1.83.0-2.1ubuntu3.2
libboost-program-options1.83.0:amd64	1.83.0-2.1ubuntu3.2
libboost-python-dev	1.83.0.1ubuntu2
libboost-python1.83-dev	1.83.0-2.1ubuntu3.2
libboost-python1.83.0	1.83.0-2.1ubuntu3.2
libboost-random-dev:amd64	1.83.0.1ubuntu2
libboost-random1.83-dev:amd64	1.83.0-2.1ubuntu3.2
libboost-random1.83.0:amd64	1.83.0-2.1ubuntu3.2
libboost-regex-dev:amd64	1.83.0.1ubuntu2
libboost-regex1.83-dev:amd64	1.83.0-2.1ubuntu3.2
libboost-regex1.83.0:amd64	1.83.0-2.1ubuntu3.2
libboost-serialization-dev:amd64	1.83.0.1ubuntu2
libboost-serialization1.83-dev:amd64	1.83.0-2.1ubuntu3.2
libboost-serialization1.83.0:amd64	1.83.0-2.1ubuntu3.2
libboost-stacktrace-dev:amd64	1.83.0.1ubuntu2
libboost-stacktrace1.83-dev:amd64	1.83.0-2.1ubuntu3.2
libboost-stacktrace1.83.0:amd64	1.83.0-2.1ubuntu3.2
libboost-system-dev:amd64	1.83.0.1ubuntu2
libboost-system1.83-dev:amd64	1.83.0-2.1ubuntu3.2
libboost-system1.83.0:amd64	1.83.0-2.1ubuntu3.2
libboost-test-dev:amd64	1.83.0.1ubuntu2
libboost-test1.83-dev:amd64	1.83.0-2.1ubuntu3.2
libboost-test1.83.0:amd64	1.83.0-2.1ubuntu3.2
libboost-thread-dev:amd64	1.83.0.1ubuntu2
libboost-thread1.83-dev:amd64	1.83.0-2.1ubuntu3.2
libboost-thread1.83.0:amd64	1.83.0-2.1ubuntu3.2
libboost-timer-dev:amd64	1.83.0.1ubuntu2
libboost-timer1.83-dev:amd64	1.83.0-2.1ubuntu3.2
libboost-timer1.83.0:amd64	1.83.0-2.1ubuntu3.2
libboost-tools-dev	1.83.0.1ubuntu2
libboost-type-erasure-dev:amd64	1.83.0.1ubuntu2
libboost-type-erasure1.83-dev:amd64	1.83.0-2.1ubuntu3.2
libboost-type-erasure1.83.0:amd64	1.83.0-2.1ubuntu3.2
libboost-url-dev:amd64	1.83.0.1ubuntu2
libboost-url1.83-dev:amd64	1.83.0-2.1ubuntu3.2
libboost-url1.83.0:amd64	1.83.0-2.1ubuntu3.2
libboost-wave-dev:amd64	1.83.0.1ubuntu2
libboost-wave1.83-dev:amd64	1.83.0-2.1ubuntu3.2
libboost-wave1.83.0:amd64	1.83.0-2.1ubuntu3.2
libboost1.83-dev:amd64	1.83.0-2.1ubuntu3.2
libboost1.83-tools-dev	1.83.0-2.1ubuntu3.2
libbpf1:amd64	1:1.3.0-2build2
libbrotli-dev:amd64	1.1.0-2build2
libbrotli1:amd64	1.1.0-2build2
libbs2b0:amd64	3.1.0+dfsg-7build1
libbsd-dev:amd64	0.12.1-1build1.1
libbsd0:amd64	0.12.1-1build1.1
libbullet-dev:amd64	3.24+dfsg-2.1build1
libbullet3.24t64:amd64	3.24+dfsg-2.1build1
libbz2-1.0:amd64	1.0.8-5.1build0.1
libbz2-dev:amd64	1.0.8-5.1build0.1
libc-bin	2.39-0ubuntu8.8
libc-dev-bin	2.39-0ubuntu8.8
libc-devtools	2.39-0ubuntu8.8
libc6:amd64	2.39-0ubuntu8.8
libc6-dev:amd64	2.39-0ubuntu8.8
libcaca0:amd64	0.99.beta20-4ubuntu0.2
libcaf-openmpi-3t64:amd64	2.10.2+ds-2.1build2
libcairo-gobject2:amd64	1.18.0-3build1
libcairo2:amd64	1.18.0-3build1
libcap-dev:amd64	1:2.66-5ubuntu2.4
libcap-ng0:amd64	0.8.4-2build2
libcap2:amd64	1:2.66-5ubuntu2.4
libcap2-bin	1:2.66-5ubuntu2.4
libcbor0.10:amd64	0.10.2-1.2ubuntu2
libcc1-0:amd64	14.2.0-4ubuntu2~24.04.1
libccd-dev:amd64	2.1-2
libccd2:amd64	2.1-2
libcdio-cdda2t64:amd64	10.2+2.0.1-1.1build2
libcdio-paranoia2t64:amd64	10.2+2.0.1-1.1build2
libcdio19t64:amd64	2.1.0-4.1ubuntu1.2
libcdparanoia0:amd64	3.10.2+debian-14build3
libcdt5:amd64	2.42.2-9ubuntu0.1
libcfitsio-dev:amd64	4.3.1-1.1build2
libcfitsio-doc	4.3.1-1.1build2
libcfitsio10t64:amd64	4.3.1-1.1build2
libcgraph6:amd64	2.42.2-9ubuntu0.1
libcharls2:amd64	2.4.2-2build2
libchromaprint1:amd64	1.5.1-5
libcjson1:amd64	1.7.17-1
libclang1-15t64	1:15.0.7-14build3
libclang1-18	1:18.1.3-1ubuntu1
libcli11-dev	2.4.1+ds-1
libcoarrays-dev:amd64	2.10.2+ds-2.1build2
libcoarrays-openmpi-dev:amd64	2.10.2+ds-2.1build2
libcodec2-1.2:amd64	1.2.0-2build1
libcolord2:amd64	1.4.7-1build2
libcom-err2:amd64	1.47.0-2.4~exp1ubuntu4.1
libconsole-bridge-dev:amd64	1.0.1+dfsg2-3build1
libconsole-bridge1.0:amd64	1.0.1+dfsg2-3build1
libcrypt-dev:amd64	1:4.4.36-4build1
libcrypt1:amd64	1:4.4.36-4build1
libcryptsetup12:amd64	2:2.7.0-1ubuntu4.1
libctf-nobfd0:amd64	2.42-4ubuntu2.8
libctf0:amd64	2.42-4ubuntu2.8
libcups2t64:amd64	2.4.7-1.2ubuntu7.14
libcurl3t64-gnutls:amd64	8.5.0-2ubuntu10.11
libcurl4-openssl-dev:amd64	8.5.0-2ubuntu10.11
libcurl4t64:amd64	8.5.0-2ubuntu10.11
libcwidget4:amd64	0.5.18-6build1
libdaemon0:amd64	0.14-7.1ubuntu4
libdatrie1:amd64	0.2.13-3build1
libdav1d-dev:amd64	1.4.1-1build1
libdav1d7:amd64	1.4.1-1build1
libdb5.3t64:amd64	5.3.28+dfsg2-7
libdbus-1-3:amd64	1.14.10-4ubuntu4.1
libdbus-1-dev:amd64	1.14.10-4ubuntu4.1
libdc1394-25:amd64	2.2.6-4build1
libdc1394-dev:amd64	2.2.6-4build1
libdconf1:amd64	0.40.0-4build2
libde265-0:amd64	1.0.15-1ubuntu0.1
libde265-dev:amd64	1.0.15-1ubuntu0.1
libdebconfclient0:amd64	0.271ubuntu3
libdecor-0-0:amd64	0.2.2-1build2
libdecor-0-dev:amd64	0.2.2-1build2
libdecor-0-plugin-1-gtk:amd64	0.2.2-1build2
libdeflate-dev:amd64	1.19-1build1.1
libdeflate0:amd64	1.19-1build1.1
libdevmapper1.02.1:amd64	2:1.02.185-3ubuntu3.1
libdouble-conversion-dev:amd64	3.3.0-1build1
libdouble-conversion3:amd64	3.3.0-1build1
libdpkg-perl	1.22.6ubuntu6.6
libdraco8:amd64	1.5.6+dfsg-3build1
libdrm-amdgpu1:amd64	2.4.125-1ubuntu0.1~24.04.2
libdrm-common	2.4.125-1ubuntu0.1~24.04.2
libdrm-dev:amd64	2.4.125-1ubuntu0.1~24.04.2
libdrm-intel1:amd64	2.4.125-1ubuntu0.1~24.04.2
libdrm-nouveau2:amd64	2.4.125-1ubuntu0.1~24.04.2
libdrm-radeon1:amd64	2.4.125-1ubuntu0.1~24.04.2
libdrm2:amd64	2.4.125-1ubuntu0.1~24.04.2
libduktape207:amd64	2.7.0+tests-0ubuntu3
libdw-dev:amd64	0.190-1.1ubuntu0.1
libdw1t64:amd64	0.190-1.1ubuntu0.1
libeatmydata1:amd64	131-1ubuntu1
libedit2:amd64	3.1-20230828-1build1
libegl-dev:amd64	1.7.0-1build1
libegl-mesa0:amd64	25.2.8-0ubuntu0.24.04.2
libegl1:amd64	1.7.0-1build1
libeigen3-dev	3.4.0-4build0.1
libelf-dev:amd64	0.190-1.1ubuntu0.1
libelf1t64:amd64	0.190-1.1ubuntu0.1
libepoxy0:amd64	1.5.10-1build1
liberror-perl	0.17029-2
libestr0:amd64	0.1.11-1build1
libevdev2:amd64	1.13.1+dfsg-1build1
libevent-2.1-7t64:amd64	2.1.12-stable-9ubuntu2
libevent-core-2.1-7t64:amd64	2.1.12-stable-9ubuntu2
libevent-dev	2.1.12-stable-9ubuntu2
libevent-extra-2.1-7t64:amd64	2.1.12-stable-9ubuntu2
libevent-openssl-2.1-7t64:amd64	2.1.12-stable-9ubuntu2
libevent-pthreads-2.1-7t64:amd64	2.1.12-stable-9ubuntu2
libexif-dev:amd64	0.6.24-1ubuntu0.24.04.1
libexif-doc	0.6.24-1ubuntu0.24.04.1
libexif12:amd64	0.6.24-1ubuntu0.24.04.1
libexpat1:amd64	2.6.1-2ubuntu0.4
libexpat1-dev:amd64	2.6.1-2ubuntu0.4
libexpected-dev	1.1.0-2
libext2fs2t64:amd64	1.47.0-2.4~exp1ubuntu4.1
libfabric1:amd64	1.17.0-3build2
libfakeroot:amd64	1.33-1
libfastjson4:amd64	1.2304.0-1build1
libfcl-dev:amd64	0.7.0-3build2
libfcl0.7:amd64	0.7.0-3build2
libfdisk1:amd64	2.39.3-9ubuntu6.5
libffi-dev:amd64	3.4.6-1build1
libffi8:amd64	3.4.6-1build1
libfftw3-double3:amd64	3.3.10-1ubuntu3
libfido2-1:amd64	1.14.0-1build3
libfile-fcntllock-perl	0.22-4ubuntu5
libflac12t64:amd64	1.4.3+ds-2.1ubuntu2
libflann-dev:amd64	1.9.2+dfsg-2build1
libflann1.9:amd64	1.9.2+dfsg-2build1
libflite1:amd64	2.2-6build3
libfmt-dev:amd64	9.1.0+ds1-2
libfmt9:amd64	9.1.0+ds1-2
libfontconfig-dev:amd64	2.15.0-1.1ubuntu2
libfontconfig1:amd64	2.15.0-1.1ubuntu2
libfontconfig1-dev:amd64	2.15.0-1.1ubuntu2
libfreeimage-dev:amd64	3.18.0+ds2-10build4
libfreeimage3:amd64	3.18.0+ds2-10build4
libfreetype-dev:amd64	2.13.2+dfsg-1ubuntu0.1
libfreetype6:amd64	2.13.2+dfsg-1ubuntu0.1
libfreexl-dev:amd64	2.0.0-1build2
libfreexl1:amd64	2.0.0-1build2
libfribidi0:amd64	1.0.13-3build1
libfuse3-3:amd64	3.14.0-5build1
libfyba-dev:amd64	4.1.1-11build1
libfyba0t64:amd64	4.1.1-11build1
libgbm-dev:amd64	25.2.8-0ubuntu0.24.04.2
libgbm1:amd64	25.2.8-0ubuntu0.24.04.2
libgcc-13-dev:amd64	13.3.0-6ubuntu2~24.04.1
libgcc-s1:amd64	14.2.0-4ubuntu2~24.04.1
libgcrypt20:amd64	1.10.3-2ubuntu0.1
libgd3:amd64	2.3.3-9ubuntu5
libgdal-dev	3.8.4+dfsg-3ubuntu3
libgdal34t64:amd64	3.8.4+dfsg-3ubuntu3
libgdbm-compat4t64:amd64	1.23-5.1build1
libgdbm6t64:amd64	1.23-5.1build1
libgdcm-dev	3.0.22-2.1ubuntu1
libgdcm3.0t64:amd64	3.0.22-2.1ubuntu1
libgdk-pixbuf-2.0-0:amd64	2.42.10+dfsg-3ubuntu3.3
libgdk-pixbuf2.0-bin	2.42.10+dfsg-3ubuntu3.3
libgdk-pixbuf2.0-common	2.42.10+dfsg-3ubuntu3.3
libgeos-c1t64:amd64	3.12.1-3build1
libgeos-dev	3.12.1-3build1
libgeos3.12.1t64:amd64	3.12.1-3build1
libgeotiff-dev:amd64	1.7.1-5build1
libgeotiff5:amd64	1.7.1-5build1
libgflags-dev	2.2.2-2build1
libgflags2.2	2.2.2-2build1
libgfortran-13-dev:amd64	13.3.0-6ubuntu2~24.04.1
libgfortran5:amd64	14.2.0-4ubuntu2~24.04.1
libgif-dev:amd64	5.2.2-1ubuntu1.2
libgif7:amd64	5.2.2-1ubuntu1.2
libgirepository-1.0-1:amd64	1.80.1-1
libgirepository-2.0-0:amd64	2.80.0-6ubuntu3.8
libgl-dev:amd64	1.7.0-1build1
libgl1:amd64	1.7.0-1build1
libgl1-amber-dri:amd64	21.3.9-0ubuntu2
libgl1-mesa-dev:amd64	25.2.8-0ubuntu0.24.04.2
libgl1-mesa-dri:amd64	25.2.8-0ubuntu0.24.04.2
libgl2ps-dev	1.4.2+dfsg1-2build1
libgl2ps1.4	1.4.2+dfsg1-2build1
libglapi-mesa:amd64	24.0.9-0ubuntu0.3
libgles-dev:amd64	1.7.0-1build1
libgles1:amd64	1.7.0-1build1
libgles2:amd64	1.7.0-1build1
libglew-dev:amd64	2.2.0-4build1
libglew2.2:amd64	2.2.0-4build1
libglib2.0-0t64:amd64	2.80.0-6ubuntu3.8
libglib2.0-bin	2.80.0-6ubuntu3.8
libglib2.0-data	2.80.0-6ubuntu3.8
libglib2.0-dev:amd64	2.80.0-6ubuntu3.8
libglib2.0-dev-bin	2.80.0-6ubuntu3.8
libglu1-mesa:amd64	9.0.2-1.1build1
libglu1-mesa-dev:amd64	9.0.2-1.1build1
libglut-dev:amd64	3.4.0-1build1
libglut3.12:amd64	3.4.0-1build1
libglvnd-core-dev:amd64	1.7.0-1build1
libglvnd-dev:amd64	1.7.0-1build1
libglvnd0:amd64	1.7.0-1build1
libglx-dev:amd64	1.7.0-1build1
libglx-mesa0:amd64	25.2.8-0ubuntu0.24.04.2
libglx0:amd64	1.7.0-1build1
libgme0:amd64	0.6.3-7build1
libgmp10:amd64	2:6.3.0+dfsg-2ubuntu6
libgnutls30t64:amd64	3.8.3-1.1ubuntu3.6
libgomp1:amd64	14.2.0-4ubuntu2~24.04.1
libgpg-error-l10n	1.47-3build2
libgpg-error0:amd64	1.47-3build2
libgphoto2-6t64:amd64	2.5.31-2.1ubuntu1.1
libgphoto2-dev:amd64	2.5.31-2.1ubuntu1.1
libgphoto2-l10n	2.5.31-2.1ubuntu1.1
libgphoto2-port12t64:amd64	2.5.31-2.1ubuntu1.1
libgpm2:amd64	1.20.7-11
libgprofng0:amd64	2.42-4ubuntu2.8
libgraphite2-3:amd64	1.3.14-2ubuntu0.24.04.1
libgsm1:amd64	1.0.22-1build1
libgssapi-krb5-2:amd64	1.20.1-6ubuntu2.7
libgssrpc4t64:amd64	1.20.1-6ubuntu2.7
libgstreamer-plugins-base1.0-0:amd64	1.24.2-1ubuntu0.4
libgstreamer1.0-0:amd64	1.24.2-1ubuntu0.1
libgtest-dev:amd64	1.14.0-1
libgtk-3-0t64:amd64	3.24.41-4ubuntu1.2
libgtk-3-bin	3.24.41-4ubuntu1.2
libgtk-3-common	3.24.41-4ubuntu1.2
libgts-0.7-5t64:amd64	0.7.6+darcs121130-5.2build1
libgts-bin	0.7.6+darcs121130-5.2build1
libgts-dev:amd64	0.7.6+darcs121130-5.2build1
libgudev-1.0-0:amd64	1:238-5ubuntu1
libgvc6	2.42.2-9ubuntu0.1
libgvpr2:amd64	2.42.2-9ubuntu0.1
libharfbuzz0b:amd64	8.3.0-2build2
libhdf4-0-alt:amd64	4.2.16-4build1
libhdf4-alt-dev	4.2.16-4build1
libhdf5-103-1t64:amd64	1.10.10+repack-3.1ubuntu4
libhdf5-cpp-103-1t64:amd64	1.10.10+repack-3.1ubuntu4
libhdf5-dev	1.10.10+repack-3.1ubuntu4
libhdf5-fortran-102t64:amd64	1.10.10+repack-3.1ubuntu4
libhdf5-hl-100t64:amd64	1.10.10+repack-3.1ubuntu4
libhdf5-hl-cpp-100t64:amd64	1.10.10+repack-3.1ubuntu4
libhdf5-hl-fortran-100t64:amd64	1.10.10+repack-3.1ubuntu4
libhdf5-mpi-dev	1.10.10+repack-3.1ubuntu4
libhdf5-openmpi-103-1t64:amd64	1.10.10+repack-3.1ubuntu4
libhdf5-openmpi-cpp-103-1t64:amd64	1.10.10+repack-3.1ubuntu4
libhdf5-openmpi-dev	1.10.10+repack-3.1ubuntu4
libhdf5-openmpi-fortran-102t64:amd64	1.10.10+repack-3.1ubuntu4
libhdf5-openmpi-hl-100t64:amd64	1.10.10+repack-3.1ubuntu4
libhdf5-openmpi-hl-cpp-100t64:amd64	1.10.10+repack-3.1ubuntu4
libhdf5-openmpi-hl-fortran-100t64:amd64	1.10.10+repack-3.1ubuntu4
libheif-dev:amd64	1.17.6-1ubuntu4.6
libheif-plugin-aomdec:amd64	1.17.6-1ubuntu4.6
libheif-plugin-aomenc:amd64	1.17.6-1ubuntu4.6
libheif1:amd64	1.17.6-1ubuntu4.6
libhogweed6t64:amd64	3.9.1-2.2build1.1
libhsa-runtime64-1	5.7.1-2build1
libhsakmt1:amd64	5.7.0-1build1
libhwasan0:amd64	14.2.0-4ubuntu2~24.04.1
libhwloc-dev:amd64	2.10.0-1build1
libhwloc-plugins:amd64	2.10.0-1build1
libhwloc15:amd64	2.10.0-1build1
libhwy1t64:amd64	1.0.7-8.1build1
libhyphen0:amd64	2.8.8-7build3
libibus-1.0-5:amd64	1.5.29-2
libibus-1.0-dev:amd64	1.5.29-2
libibverbs-dev:amd64	50.0-2ubuntu0.2
libibverbs1:amd64	50.0-2ubuntu0.2
libice-dev:amd64	2:1.0.10-1build3
libice6:amd64	2:1.0.10-1build3
libicu-dev:amd64	74.2-1ubuntu3.1
libicu74:amd64	74.2-1ubuntu3.1
libidn2-0:amd64	2.3.7-2build1
libiec61883-0:amd64	1.2.0-6build1
libigdgmm12:amd64	22.3.17+ds1-1ubuntu1
libimagequant0:amd64	2.18.0-1build1
libimath-3-1-29t64:amd64	3.1.9-3.1ubuntu2
libimath-dev:amd64	3.1.9-3.1ubuntu2
libinput-bin	1.25.0-1ubuntu3.4
libinput10:amd64	1.25.0-1ubuntu3.4
libisl23:amd64	0.26-3build1.1
libitm1:amd64	14.2.0-4ubuntu2~24.04.1
libjack-jackd2-0:amd64	1.9.21~dfsg-3ubuntu3
libjansson4:amd64	2.14-2build2
libjbig-dev:amd64	2.1-6.1ubuntu2
libjbig0:amd64	2.1-6.1ubuntu2
libjpeg-dev:amd64	8c-2ubuntu11
libjpeg-turbo8:amd64	2.1.5-2ubuntu2
libjpeg-turbo8-dev:amd64	2.1.5-2ubuntu2
libjpeg8:amd64	8c-2ubuntu11
libjpeg8-dev:amd64	8c-2ubuntu11
libjs-jquery	3.6.1+dfsg+~3.5.14-1
libjs-jquery-hotkeys	0~20130707+git2d51e3a9+dfsg-2ubuntu2
libjs-jquery-isonscreen	1.2.0-1.1
libjs-jquery-metadata	12-4
libjs-jquery-tablesorter	1:2.31.3+dfsg1-3
libjs-jquery-throttle-debounce	1.1+dfsg.1-2
libjs-jquery-ui	1.13.2+dfsg-1
libjs-sphinxdoc	7.2.6-6
libjs-underscore	1.13.4~dfsg+~1.11.4-3
libjson-c-dev:amd64	0.17-1build1
libjson-c5:amd64	0.17-1build1
libjson-glib-1.0-0:amd64	1.8.0-2build2
libjson-glib-1.0-common	1.8.0-2build2
libjsoncpp-dev:amd64	1.9.5-6build1
libjsoncpp25:amd64	1.9.5-6build1
libjxl0.7:amd64	0.7.0-10.2ubuntu6.1
libjxr0t64:amd64	1.2~git20170615.f752187-5.1ubuntu2
libk5crypto3:amd64	1.20.1-6ubuntu2.7
libkadm5clnt-mit12:amd64	1.20.1-6ubuntu2.7
libkadm5srv-mit12:amd64	1.20.1-6ubuntu2.7
libkdb5-10t64:amd64	1.20.1-6ubuntu2.7
libkeyutils1:amd64	1.6.3-3build1
libkml-dev:amd64	1.3.0-12build1
libkmlbase1t64:amd64	1.3.0-12build1
libkmlconvenience1t64:amd64	1.3.0-12build1
libkmldom1t64:amd64	1.3.0-12build1
libkmlengine1t64:amd64	1.3.0-12build1
libkmlregionator1t64:amd64	1.3.0-12build1
libkmlxsd1t64:amd64	1.3.0-12build1
libkmod2:amd64	31+20240202-2ubuntu7.2
libkrb5-3:amd64	1.20.1-6ubuntu2.7
libkrb5-dev:amd64	1.20.1-6ubuntu2.7
libkrb5support0:amd64	1.20.1-6ubuntu2.7
libksba8:amd64	1.6.6-1build1
liblab-gamut1:amd64	2.42.2-9ubuntu0.1
liblapack-dev:amd64	3.12.0-3build1.1
liblapack3:amd64	3.12.0-3build1.1
liblbfgsb0:amd64	3.0+dfsg.4-1build1
liblcms2-2:amd64	2.14-2ubuntu0.1
libldap-common	2.6.7+dfsg-1~exp1ubuntu8.1
libldap2:amd64	2.6.7+dfsg-1~exp1ubuntu8.1
liblept5:amd64	1.82.0-3build4
liblerc-dev:amd64	4.0.0+ds-4ubuntu2
liblerc4:amd64	4.0.0+ds-4ubuntu2
liblilv-0-0:amd64	0.24.22-1build1
libllvm15t64:amd64	1:15.0.7-14build3
libllvm17t64:amd64	1:17.0.6-9ubuntu1
libllvm18:amd64	1:18.1.3-1ubuntu1
libllvm20:amd64	1:20.1.2-0ubuntu1~24.04.3
liblocale-gettext-perl	1.07-6ubuntu5
liblsan0:amd64	14.2.0-4ubuntu2~24.04.1
libltdl-dev:amd64	2.4.7-7build1
libltdl7:amd64	2.4.7-7build1
liblttng-ctl0t64:amd64	2.13.11-2.1build4
liblttng-ust-common1t64:amd64	2.13.7-1.1ubuntu2
liblttng-ust-ctl5t64:amd64	2.13.7-1.1ubuntu2
liblttng-ust-dev:amd64	2.13.7-1.1ubuntu2
liblttng-ust-python-agent1t64:amd64	2.13.7-1.1ubuntu2
liblttng-ust1t64:amd64	2.13.7-1.1ubuntu2
liblz4-1:amd64	1.9.4-1build1.1
liblz4-dev:amd64	1.9.4-1build1.1
liblzma-dev:amd64	5.6.1+really5.4.5-1ubuntu0.3
liblzma5:amd64	5.6.1+really5.4.5-1ubuntu0.3
liblzo2-2:amd64	2.10-2build4
libmagic-mgc	1:5.45-3build1
libmagic1t64:amd64	1:5.45-3build1
libmbedcrypto7t64:amd64	2.28.8-1
libmbim-glib4:amd64	1.31.2-0ubuntu3.1
libmbim-proxy	1.31.2-0ubuntu3.1
libmbim-utils	1.31.2-0ubuntu3.1
libmd-dev:amd64	1.1.0-2build1.1
libmd0:amd64	1.1.0-2build1.1
libmd4c0:amd64	0.4.8-1build1
libminizip-dev:amd64	1:1.3.dfsg-3.1ubuntu2.1
libminizip1t64:amd64	1:1.3.dfsg-3.1ubuntu2.1
libmm-glib0:amd64	1.23.4-0ubuntu2
libmnl0:amd64	1.0.5-2build1
libmount-dev:amd64	2.39.3-9ubuntu6.5
libmount1:amd64	2.39.3-9ubuntu6.5
libmp3lame0:amd64	3.100-6build1
libmpc3:amd64	1.3.1-1build1.1
libmpfr6:amd64	4.2.1-1build1
libmpg123-0t64:amd64	1.32.5-1ubuntu1.1
libmtdev1t64:amd64	1.1.6-1.1build1
libmunge2:amd64	0.5.15-4ubuntu0.1
libmysofa1:amd64	1.3.2+dfsg-2ubuntu2
libmysqlclient-dev	8.0.46-0ubuntu0.24.04.3
libmysqlclient21:amd64	8.0.46-0ubuntu0.24.04.3
libncurses6:amd64	6.4+20240113-1ubuntu2.1
libncursesw6:amd64	6.4+20240113-1ubuntu2.1
libnetcdf-dev	1:4.9.2-5ubuntu4
libnetcdf19t64:amd64	1:4.9.2-5ubuntu4
libnetplan1:amd64	1.0.1-1ubuntu2~24.04.1
libnettle8t64:amd64	3.9.1-2.2build1.1
libnewt0.52:amd64	0.52.24-2ubuntu2
libnghttp2-14:amd64	1.59.0-1ubuntu0.4
libnl-3-200:amd64	3.7.0-0.3build1.1
libnl-3-dev:amd64	3.7.0-0.3build1.1
libnl-genl-3-200:amd64	3.7.0-0.3build1.1
libnl-route-3-200:amd64	3.7.0-0.3build1.1
libnl-route-3-dev:amd64	3.7.0-0.3build1.1
libnorm-dev:amd64	1.5.9+dfsg-3.1build1
libnorm1t64:amd64	1.5.9+dfsg-3.1build1
libnotify4:amd64	0.8.3-1build2
libnpth0t64:amd64	1.6-3.1build1
libnspr4:amd64	2:4.35-1.1build1
libnss-mdns:amd64	0.15.1-4build1
libnss-systemd:amd64	255.4-1ubuntu8.17
libnss3:amd64	2:3.98-1ubuntu0.2
libnuma-dev:amd64	2.0.18-1ubuntu0.24.04.1
libnuma1:amd64	2.0.18-1ubuntu0.24.04.1
liboctomap-dev:amd64	1.9.7+dfsg-3.1build3
liboctomap1.9t64:amd64	1.9.7+dfsg-3.1build3
libodbc2:amd64	2.3.12-1ubuntu0.24.04.1
libodbccr2:amd64	2.3.12-1ubuntu0.24.04.1
libodbcinst2:amd64	2.3.12-1ubuntu0.24.04.1
libode-dev	2:0.16.2-1.1build1
libode8t64	2:0.16.2-1.1build1
libogdi-dev	4.1.1+ds-3build1
libogdi4.1:amd64	4.1.1+ds-3build1
libogg-dev:amd64	1.3.5-3build1
libogg0:amd64	1.3.5-3build1
libogre-1.9-dev	1.9.0+dfsg1-14.1build2
libogre-1.9.0t64:amd64	1.9.0+dfsg1-14.1build2
libomp-18-dev	1:18.1.3-1ubuntu1
libomp-dev:amd64	1:18.0-59~exp2
libomp5-18:amd64	1:18.1.3-1ubuntu1
libopenal-data	1:1.23.1-4build1
libopenal1:amd64	1:1.23.1-4build1
libopencv-calib3d-dev:amd64	4.6.0+dfsg-13.1ubuntu1
libopencv-calib3d406t64:amd64	4.6.0+dfsg-13.1ubuntu1
libopencv-contrib-dev:amd64	4.6.0+dfsg-13.1ubuntu1
libopencv-contrib406t64:amd64	4.6.0+dfsg-13.1ubuntu1
libopencv-core-dev:amd64	4.6.0+dfsg-13.1ubuntu1
libopencv-core406t64:amd64	4.6.0+dfsg-13.1ubuntu1
libopencv-dev	4.6.0+dfsg-13.1ubuntu1
libopencv-dnn-dev:amd64	4.6.0+dfsg-13.1ubuntu1
libopencv-dnn406t64:amd64	4.6.0+dfsg-13.1ubuntu1
libopencv-features2d-dev:amd64	4.6.0+dfsg-13.1ubuntu1
libopencv-features2d406t64:amd64	4.6.0+dfsg-13.1ubuntu1
libopencv-flann-dev:amd64	4.6.0+dfsg-13.1ubuntu1
libopencv-flann406t64:amd64	4.6.0+dfsg-13.1ubuntu1
libopencv-highgui-dev:amd64	4.6.0+dfsg-13.1ubuntu1
libopencv-highgui406t64:amd64	4.6.0+dfsg-13.1ubuntu1
libopencv-imgcodecs-dev:amd64	4.6.0+dfsg-13.1ubuntu1
libopencv-imgcodecs406t64:amd64	4.6.0+dfsg-13.1ubuntu1
libopencv-imgproc-dev:amd64	4.6.0+dfsg-13.1ubuntu1
libopencv-imgproc406t64:amd64	4.6.0+dfsg-13.1ubuntu1
libopencv-java	4.6.0+dfsg-13.1ubuntu1
libopencv-ml-dev:amd64	4.6.0+dfsg-13.1ubuntu1
libopencv-ml406t64:amd64	4.6.0+dfsg-13.1ubuntu1
libopencv-objdetect-dev:amd64	4.6.0+dfsg-13.1ubuntu1
libopencv-objdetect406t64:amd64	4.6.0+dfsg-13.1ubuntu1
libopencv-photo-dev:amd64	4.6.0+dfsg-13.1ubuntu1
libopencv-photo406t64:amd64	4.6.0+dfsg-13.1ubuntu1
libopencv-shape-dev:amd64	4.6.0+dfsg-13.1ubuntu1
libopencv-shape406t64:amd64	4.6.0+dfsg-13.1ubuntu1
libopencv-stitching-dev:amd64	4.6.0+dfsg-13.1ubuntu1
libopencv-stitching406t64:amd64	4.6.0+dfsg-13.1ubuntu1
libopencv-superres-dev:amd64	4.6.0+dfsg-13.1ubuntu1
libopencv-superres406t64:amd64	4.6.0+dfsg-13.1ubuntu1
libopencv-video-dev:amd64	4.6.0+dfsg-13.1ubuntu1
libopencv-video406t64:amd64	4.6.0+dfsg-13.1ubuntu1
libopencv-videoio-dev:amd64	4.6.0+dfsg-13.1ubuntu1
libopencv-videoio406t64:amd64	4.6.0+dfsg-13.1ubuntu1
libopencv-videostab-dev:amd64	4.6.0+dfsg-13.1ubuntu1
libopencv-videostab406t64:amd64	4.6.0+dfsg-13.1ubuntu1
libopencv-viz-dev:amd64	4.6.0+dfsg-13.1ubuntu1
libopencv-viz406t64:amd64	4.6.0+dfsg-13.1ubuntu1
libopencv406-jni	4.6.0+dfsg-13.1ubuntu1
libopenexr-3-1-30:amd64	3.1.5-5.1build3
libopenexr-dev	3.1.5-5.1build3
libopengl-dev:amd64	1.7.0-1build1
libopengl0:amd64	1.7.0-1build1
libopenjp2-7:amd64	2.5.0-2ubuntu0.5
libopenjp2-7-dev:amd64	2.5.0-2ubuntu0.5
libopenmpi-dev:amd64	4.1.6-7ubuntu2
libopenmpi3t64:amd64	4.1.6-7ubuntu2
libopenmpt0t64:amd64	0.7.3-1.1build3
libopenni-dev:amd64	1.5.4.0+dfsg-7.1build1
libopenni-sensor-pointclouds0	5.1.0.41.11-1build2
libopenni0t64	1.5.4.0+dfsg-7.1build1
libopenni2-0:amd64	2.2.0.33+dfsg-18
libopenni2-dev:amd64	2.2.0.33+dfsg-18
libopus0:amd64	1.4-1build1
liborc-0.4-0t64:amd64	1:0.4.38-1ubuntu0.1
liborocos-kdl-dev:amd64	1.5.1-4build1
liborocos-kdl1.5:amd64	1.5.1-4build1
libp11-kit0:amd64	0.25.3-4ubuntu2.1
libpackagekit-glib2-18:amd64	1.2.8-2ubuntu1.5
libpam-cap:amd64	1:2.66-5ubuntu2.4
libpam-modules:amd64	1.5.3-5ubuntu5.6
libpam-modules-bin	1.5.3-5ubuntu5.6
libpam-runtime	1.5.3-5ubuntu5.6
libpam-systemd:amd64	255.4-1ubuntu8.17
libpam0g:amd64	1.5.3-5ubuntu5.6
libpango-1.0-0:amd64	1.52.1+ds-1build1
libpangocairo-1.0-0:amd64	1.52.1+ds-1build1
libpangoft2-1.0-0:amd64	1.52.1+ds-1build1
libpaper-utils	1.1.29build1
libpaper1:amd64	1.1.29build1
libpathplan4:amd64	2.42.2-9ubuntu0.1
libpcap0.8t64:amd64	1.10.4-4.1ubuntu3
libpciaccess-dev:amd64	0.17-3ubuntu0.24.04.2
libpciaccess0:amd64	0.17-3ubuntu0.24.04.2
libpcl-apps1.14:amd64	1.14.0+dfsg-1
libpcl-common1.14:amd64	1.14.0+dfsg-1
libpcl-dev	1.14.0+dfsg-1
libpcl-features1.14:amd64	1.14.0+dfsg-1
libpcl-filters1.14:amd64	1.14.0+dfsg-1
libpcl-io1.14:amd64	1.14.0+dfsg-1
libpcl-kdtree1.14:amd64	1.14.0+dfsg-1
libpcl-keypoints1.14:amd64	1.14.0+dfsg-1
libpcl-ml1.14:amd64	1.14.0+dfsg-1
libpcl-octree1.14:amd64	1.14.0+dfsg-1
libpcl-outofcore1.14:amd64	1.14.0+dfsg-1
libpcl-people1.14:amd64	1.14.0+dfsg-1
libpcl-recognition1.14:amd64	1.14.0+dfsg-1
libpcl-registration1.14:amd64	1.14.0+dfsg-1
libpcl-sample-consensus1.14:amd64	1.14.0+dfsg-1
libpcl-search1.14:amd64	1.14.0+dfsg-1
libpcl-segmentation1.14:amd64	1.14.0+dfsg-1
libpcl-stereo1.14:amd64	1.14.0+dfsg-1
libpcl-surface1.14:amd64	1.14.0+dfsg-1
libpcl-tracking1.14:amd64	1.14.0+dfsg-1
libpcl-visualization1.14:amd64	1.14.0+dfsg-1
libpcre16-3:amd64	2:8.39-15build1
libpcre2-16-0:amd64	10.42-4ubuntu2.1
libpcre2-32-0:amd64	10.42-4ubuntu2.1
libpcre2-8-0:amd64	10.42-4ubuntu2.1
libpcre2-dev:amd64	10.42-4ubuntu2.1
libpcre2-posix3:amd64	10.42-4ubuntu2.1
libpcre3:amd64	2:8.39-15build1
libpcre3-dev:amd64	2:8.39-15build1
libpcre32-3:amd64	2:8.39-15build1
libpcrecpp0v5:amd64	2:8.39-15build1
libpcsclite1:amd64	2.0.3-1build1
libperl5.38t64:amd64	5.38.2-3.2ubuntu0.3
libpgm-5.3-0t64:amd64	5.3.128~dfsg-2.1build1
libpgm-dev:amd64	5.3.128~dfsg-2.1build1
libpipeline1:amd64	1.5.7-2
libpixman-1-0:amd64	0.42.2-1build1
libpkgconf3:amd64	1.8.1-2build1
libplacebo338:amd64	6.338.2-2build1
libpmix-dev:amd64	5.0.1-4.1build1
libpmix2t64:amd64	5.0.1-4.1build1
libpng-dev:amd64	1.6.43-5ubuntu0.6
libpng-tools	1.6.43-5ubuntu0.6
libpng16-16t64:amd64	1.6.43-5ubuntu0.6
libpocketsphinx3:amd64	0.8.0+real5prealpha+1-15ubuntu5
libpoco-dev:amd64	1.11.0-4.1build2
libpocoactiverecord80t64:amd64	1.11.0-4.1build2
libpococrypto80t64:amd64	1.11.0-4.1build2
libpocodata80t64:amd64	1.11.0-4.1build2
libpocodatamysql80t64:amd64	1.11.0-4.1build2
libpocodataodbc80t64:amd64	1.11.0-4.1build2
libpocodatapostgresql80t64:amd64	1.11.0-4.1build2
libpocodatasqlite80t64:amd64	1.11.0-4.1build2
libpocoencodings80t64:amd64	1.11.0-4.1build2
libpocofoundation80t64:amd64	1.11.0-4.1build2
libpocojson80t64:amd64	1.11.0-4.1build2
libpocojwt80t64:amd64	1.11.0-4.1build2
libpocomongodb80t64:amd64	1.11.0-4.1build2
libpoconet80t64:amd64	1.11.0-4.1build2
libpoconetssl80t64:amd64	1.11.0-4.1build2
libpocoredis80t64:amd64	1.11.0-4.1build2
libpocoutil80t64:amd64	1.11.0-4.1build2
libpocoxml80t64:amd64	1.11.0-4.1build2
libpocozip80t64:amd64	1.11.0-4.1build2
libpolkit-agent-1-0:amd64	124-2ubuntu1.24.04.3
libpolkit-gobject-1-0:amd64	124-2ubuntu1.24.04.3
libpoppler-dev:amd64	24.02.0-1ubuntu9.9
libpoppler-private-dev:amd64	24.02.0-1ubuntu9.9
libpoppler134:amd64	24.02.0-1ubuntu9.9
libpopt0:amd64	1.19+dfsg-1build1
libpostproc-dev:amd64	7:6.1.1-3ubuntu5
libpostproc57:amd64	7:6.1.1-3ubuntu5
libpq-dev	16.14-0ubuntu0.24.04.1
libpq5:amd64	16.14-0ubuntu0.24.04.1
libproc2-0:amd64	2:4.0.4-4ubuntu3.2
libproj-dev:amd64	9.4.0-1build2
libproj25:amd64	9.4.0-1build2
libprotobuf-dev:amd64	3.21.12-8.2ubuntu0.3
libprotobuf-lite32t64:amd64	3.21.12-8.2ubuntu0.3
libprotobuf32t64:amd64	3.21.12-8.2ubuntu0.3
libprotoc-dev:amd64	3.21.12-8.2ubuntu0.3
libprotoc32t64:amd64	3.21.12-8.2ubuntu0.3
libproxy1v5:amd64	0.5.4-4build1
libpsl5t64:amd64	0.21.2-1.1build1
libpsm-infinipath1	3.3+20.604758e7-6.3build1
libpsm2-2	11.2.185-2build1
libpthread-stubs0-dev:amd64	0.4-1build3
libpugixml-dev:amd64	1.14-0.1build1
libpugixml1v5:amd64	1.14-0.1build1
libpulse-dev:amd64	1:16.1+dfsg1-2ubuntu10.1
libpulse-mainloop-glib0:amd64	1:16.1+dfsg1-2ubuntu10.1
libpulse0:amd64	1:16.1+dfsg1-2ubuntu10.1
libpyside2-dev	5.15.13-1
libpyside2-py3-5.15t64	5.15.13-1
libpython3-dev:amd64	3.12.3-0ubuntu2.1
libpython3-stdlib:amd64	3.12.3-0ubuntu2.1
libpython3.12-dev:amd64	3.12.3-1ubuntu0.15
libpython3.12-minimal:amd64	3.12.3-1ubuntu0.15
libpython3.12-stdlib:amd64	3.12.3-1ubuntu0.15
libpython3.12t64:amd64	3.12.3-1ubuntu0.15
libqhull-dev:amd64	2020.2-6build1
libqhull-r8.0:amd64	2020.2-6build1
libqhull8.0:amd64	2020.2-6build1
libqhullcpp8.0:amd64	2020.2-6build1
libqmi-glib5:amd64	1.35.2-0ubuntu2
libqmi-proxy	1.35.2-0ubuntu2
libqmi-utils	1.35.2-0ubuntu2
libqrtr-glib0:amd64	1.2.2-1ubuntu4
libqt5charts5:amd64	5.15.13-1
libqt5concurrent5t64:amd64	5.15.13+dfsg-1ubuntu1
libqt5core5t64:amd64	5.15.13+dfsg-1ubuntu1
libqt5dbus5t64:amd64	5.15.13+dfsg-1ubuntu1
libqt5designer5:amd64	5.15.13-1
libqt5designercomponents5:amd64	5.15.13-1
libqt5gui5t64:amd64	5.15.13+dfsg-1ubuntu1
libqt5help5:amd64	5.15.13-1
libqt5location5:amd64	5.15.13+dfsg-1
libqt5location5-plugins:amd64	5.15.13+dfsg-1
libqt5network5t64:amd64	5.15.13+dfsg-1ubuntu1
libqt5opengl5-dev:amd64	5.15.13+dfsg-1ubuntu1
libqt5opengl5t64:amd64	5.15.13+dfsg-1ubuntu1
libqt5positioning5:amd64	5.15.13+dfsg-1
libqt5positioning5-plugins:amd64	5.15.13+dfsg-1
libqt5positioningquick5:amd64	5.15.13+dfsg-1
libqt5printsupport5t64:amd64	5.15.13+dfsg-1ubuntu1
libqt5qml5:amd64	5.15.13+dfsg-1ubuntu0.1
libqt5qmlmodels5:amd64	5.15.13+dfsg-1ubuntu0.1
libqt5qmlworkerscript5:amd64	5.15.13+dfsg-1ubuntu0.1
libqt5quick5:amd64	5.15.13+dfsg-1ubuntu0.1
libqt5quickcontrols2-5:amd64	5.15.13+dfsg-1
libqt5quickparticles5:amd64	5.15.13+dfsg-1ubuntu0.1
libqt5quickshapes5:amd64	5.15.13+dfsg-1ubuntu0.1
libqt5quicktemplates2-5:amd64	5.15.13+dfsg-1
libqt5quicktest5:amd64	5.15.13+dfsg-1ubuntu0.1
libqt5quickwidgets5:amd64	5.15.13+dfsg-1ubuntu0.1
libqt5sensors5:amd64	5.15.13-1
libqt5serialport5:amd64	5.15.13-1
libqt5sql5-sqlite:amd64	5.15.13+dfsg-1ubuntu1
libqt5sql5t64:amd64	5.15.13+dfsg-1ubuntu1
libqt5svg5:amd64	5.15.13-1
libqt5test5t64:amd64	5.15.13+dfsg-1ubuntu1
libqt5waylandclient5:amd64	5.15.13-1
libqt5waylandcompositor5:amd64	5.15.13-1
libqt5webchannel5:amd64	5.15.13-1
libqt5webkit5:amd64	5.212.0~alpha4-36
libqt5webkit5-dev:amd64	5.212.0~alpha4-36
libqt5widgets5t64:amd64	5.15.13+dfsg-1ubuntu1
libqt5xml5t64:amd64	5.15.13+dfsg-1ubuntu1
libquadmath0:amd64	14.2.0-4ubuntu2~24.04.1
librabbitmq4:amd64	0.11.0-1ubuntu0.1
libraqm0:amd64	0.10.1-1build1
librav1e0:amd64	0.7.1-2
libraw1394-11:amd64	2.1.2-2build3
libraw1394-dev:amd64	2.1.2-2build3
libraw1394-tools	2.1.2-2build3
libraw23t64:amd64	0.21.2-2.1ubuntu0.24.04.2
librdmacm1t64:amd64	50.0-2ubuntu0.2
libreadline8t64:amd64	8.2-4build1
librhash0:amd64	1.4.3-3build1
librist4:amd64	0.2.10+dfsg-2
librsvg2-2:amd64	2.58.0+dfsg-1build1
librsvg2-common:amd64	2.58.0+dfsg-1build1
librtmp1:amd64	2.4+20151223.gitfa8646d.1-2build7
librttopo-dev:amd64	1.1.0-3build2
librttopo1:amd64	1.1.0-3build2
librubberband2:amd64	3.3.0+dfsg-2build1
libruby:amd64	1:3.2~ubuntu1
libruby3.2:amd64	3.2.3-1ubuntu0.24.04.8
libsamplerate0:amd64	0.2.2-4build1
libsamplerate0-dev:amd64	0.2.2-4build1
libsasl2-2:amd64	2.1.28+dfsg1-5ubuntu3.1
libsasl2-modules:amd64	2.1.28+dfsg1-5ubuntu3.1
libsasl2-modules-db:amd64	2.1.28+dfsg1-5ubuntu3.1
libsdl2-2.0-0:amd64	2.30.0+dfsg-1ubuntu3.1
libsdl2-dev:amd64	2.30.0+dfsg-1ubuntu3.1
libseccomp2:amd64	2.5.5-1ubuntu3.1
libselinux1:amd64	3.5-2ubuntu2.1
libselinux1-dev:amd64	3.5-2ubuntu2.1
libsemanage-common	3.5-1build5
libsemanage2:amd64	3.5-1build5
libsensors-config	1:3.6.0-9build1
libsensors5:amd64	1:3.6.0-9build1
libsepol-dev:amd64	3.5-2build1
libsepol2:amd64	3.5-2build1
libserd-0-0:amd64	0.32.2-1
libsframe1:amd64	2.42-4ubuntu2.8
libshaderc-dev:amd64	2023.8-1build1
libshaderc1:amd64	2023.8-1build1
libsharpyuv-dev:amd64	1.3.2-0.4build3
libsharpyuv0:amd64	1.3.2-0.4build3
libshiboken2-dev	5.15.13-1
libshiboken2-py3-5.15t64	5.15.13-1
libshine3:amd64	3.1.1-2build1
libsigc++-2.0-0v5:amd64	2.12.1-2
libsigsegv2:amd64	2.14-1ubuntu2
libslang2:amd64	2.3.3-3build2
libsm-dev:amd64	2:1.2.3-1build3
libsm6:amd64	2:1.2.3-1build3
libsmartcols1:amd64	2.39.3-9ubuntu6.5
libsnappy1v5:amd64	1.1.10-1build1
libsndfile1:amd64	1.2.2-1ubuntu5.24.04.1
libsndio-dev:amd64	1.9.0-0.3build3
libsndio7.0:amd64	1.9.0-0.3build3
libsocket++1:amd64	1.12.13+git20131030.5d039ba-1build1
libsodium-dev:amd64	1.0.18-1ubuntu0.24.04.1
libsodium23:amd64	1.0.18-1ubuntu0.24.04.1
libsord-0-0:amd64	0.16.16-2build1
libsoup-3.0-0:amd64	3.4.4-5ubuntu0.7
libsoup-3.0-common	3.4.4-5ubuntu0.7
libsoxr0:amd64	0.1.3-4build3
libspatialite-dev:amd64	5.1.0-3build1
libspatialite8t64:amd64	5.1.0-3build1
libspdlog-dev:amd64	1:1.12.0+ds-2build1
libspdlog1.12:amd64	1:1.12.0+ds-2build1
libspeex1:amd64	1.2.1-2ubuntu2.24.04.1
libsphinxbase3t64:amd64	0.8+5prealpha+1-17build2
libsqlite3-0:amd64	3.45.1-1ubuntu2.7
libsqlite3-dev:amd64	3.45.1-1ubuntu2.7
libsratom-0-0:amd64	0.6.16-1build1
libsrt1.5-gnutls:amd64	1.5.3-1build2
libss2:amd64	1.47.0-2.4~exp1ubuntu4.1
libssh-4:amd64	0.10.6-2ubuntu0.4
libssh-gcrypt-4:amd64	0.10.6-2ubuntu0.4
libssl-dev:amd64	3.0.13-0ubuntu3.12
libssl3t64:amd64	3.0.13-0ubuntu3.12
libstdc++-13-dev:amd64	13.3.0-6ubuntu2~24.04.1
libstdc++6:amd64	14.2.0-4ubuntu2~24.04.1
libstemmer0d:amd64	2.2.0-4build1
libsuperlu-dev:amd64	6.0.1+dfsg1-1build1
libsuperlu6:amd64	6.0.1+dfsg1-1build1
libsvtav1enc1d1:amd64	1.7.0+dfsg-2build1
libswresample-dev:amd64	7:6.1.1-3ubuntu5
libswresample4:amd64	7:6.1.1-3ubuntu5
libswscale-dev:amd64	7:6.1.1-3ubuntu5
libswscale7:amd64	7:6.1.1-3ubuntu5
libsystemd-shared:amd64	255.4-1ubuntu8.17
libsystemd0:amd64	255.4-1ubuntu8.17
libsz2:amd64	1.1.2-1build1
libtasn1-6:amd64	4.19.0-3ubuntu0.24.04.2
libtbb-dev:amd64	2021.11.0-2ubuntu2
libtbb12:amd64	2021.11.0-2ubuntu2
libtbbbind-2-5:amd64	2021.11.0-2ubuntu2
libtbbmalloc2:amd64	2021.11.0-2ubuntu2
libtcl8.6:amd64	8.6.14+dfsg-1build1
libtesseract5:amd64	5.3.4-1build5
libtext-charwidth-perl:amd64	0.04-11build3
libtext-iconv-perl:amd64	1.7-8build3
libtext-wrapi18n-perl	0.06-10
libthai-data	0.1.29-2build1
libthai0:amd64	0.1.29-2build1
libtheora-dev:amd64	1.1.1+dfsg.1-16.1build3
libtheora0:amd64	1.1.1+dfsg.1-16.1build3
libtiff-dev:amd64	4.5.1+git230720-4ubuntu2.5
libtiff6:amd64	4.5.1+git230720-4ubuntu2.5
libtiffxx6:amd64	4.5.1+git230720-4ubuntu2.5
libtinfo6:amd64	6.4+20240113-1ubuntu2.1
libtinyxml2-10:amd64	10.0.0+dfsg-2
libtinyxml2-dev:amd64	10.0.0+dfsg-2
libtinyxml2.6.2v5:amd64	2.6.2-6.1
libtirpc-common	1.3.4+ds-1.1build1
libtirpc-dev:amd64	1.3.4+ds-1.1build1
libtirpc3t64:amd64	1.3.4+ds-1.1build1
libtk8.6:amd64	8.6.14-1build1
libtool	2.4.7-7build1
libtsan2:amd64	14.2.0-4ubuntu2~24.04.1
libtwolame0:amd64	0.4.0-2build3
libubsan1:amd64	14.2.0-4ubuntu2~24.04.1
libuchardet0:amd64	0.0.8-1build1
libucx0:amd64	1.16.0+ds-5ubuntu1
libudev-dev:amd64	255.4-1ubuntu8.17
libudev1:amd64	255.4-1ubuntu8.17
libudfread0:amd64	1.1.2-1build1
libunibreak5:amd64	5.1-2build1
libunistring5:amd64	1.1-2build1
libunwind8:amd64	1.6.2-3build1
liburcu-dev:amd64	0.14.0-3.1build1
liburcu8t64:amd64	0.14.0-3.1build1
liburdfdom-dev:amd64	4.0.0-0ubuntu1
liburdfdom-headers-dev	1.0.5-3
liburdfdom-model-state4.0:amd64	4.0.0-0ubuntu1
liburdfdom-model4.0:amd64	4.0.0-0ubuntu1
liburdfdom-sensor4.0:amd64	4.0.0-0ubuntu1
liburdfdom-world4.0:amd64	4.0.0-0ubuntu1
liburiparser-dev	0.9.7+dfsg-2build1
liburiparser1:amd64	0.9.7+dfsg-2build1
libusb-1.0-0:amd64	2:1.0.27-1
libusb-1.0-0-dev:amd64	2:1.0.27-1
libusb-1.0-doc	2:1.0.27-1
libutempter0:amd64	1.2.1-3build1
libutfcpp-dev	3.2.5+really3.2.4-1
libuuid1:amd64	2.39.3-9ubuntu6.5
libuv1t64:amd64	1.48.0-1.1build1
libva-drm2:amd64	2.20.0-2ubuntu0.2
libva-x11-2:amd64	2.20.0-2ubuntu0.2
libva2:amd64	2.20.0-2ubuntu0.2
libvdpau1:amd64	1.5-2build1
libvidstab1.1:amd64	1.1.0-2build1
libvisual-0.4-0:amd64	0.4.2-2build1
libvorbis0a:amd64	1.3.7-1build3
libvorbisenc2:amd64	1.3.7-1build3
libvorbisfile3:amd64	1.3.7-1build3
libvpl2	2023.3.0-1build1
libvpx9:amd64	1.14.0-1ubuntu2.3
libvtk9-dev	9.1.0+really9.1.0+dfsg2-7.1build3
libvtk9-java	9.1.0+really9.1.0+dfsg2-7.1build3
libvtk9-qt-dev:amd64	9.1.0+really9.1.0+dfsg2-7.1build3
libvtk9.1t64:amd64	9.1.0+really9.1.0+dfsg2-7.1build3
libvtk9.1t64-qt:amd64	9.1.0+really9.1.0+dfsg2-7.1build3
libvulkan-dev:amd64	1.3.275.0-1build1
libvulkan1:amd64	1.3.275.0-1build1
libwacom-common	2.10.0-2
libwacom9:amd64	2.10.0-2
libwayland-bin	1.22.0-2.1build1
libwayland-client0:amd64	1.22.0-2.1build1
libwayland-cursor0:amd64	1.22.0-2.1build1
libwayland-dev:amd64	1.22.0-2.1build1
libwayland-egl1:amd64	1.22.0-2.1build1
libwayland-server0:amd64	1.22.0-2.1build1
libwebp-dev:amd64	1.3.2-0.4build3
libwebp7:amd64	1.3.2-0.4build3
libwebpdecoder3:amd64	1.3.2-0.4build3
libwebpdemux2:amd64	1.3.2-0.4build3
libwebpmux3:amd64	1.3.2-0.4build3
libwoff1:amd64	1.0.2-2build1
libx11-6:amd64	2:1.8.7-1build1
libx11-data	2:1.8.7-1build1
libx11-dev:amd64	2:1.8.7-1build1
libx11-xcb-dev:amd64	2:1.8.7-1build1
libx11-xcb1:amd64	2:1.8.7-1build1
libx264-164:amd64	2:0.164.3108+git31e19f9-1
libx265-199:amd64	3.5-2build1
libx265-dev:amd64	3.5-2build1
libxapian30:amd64	1.4.22-1build1
libxau-dev:amd64	1:1.0.9-1build6
libxau6:amd64	1:1.0.9-1build6
libxaw7:amd64	2:1.0.14-1build2
libxaw7-dev:amd64	2:1.0.14-1build2
libxcb-dri2-0:amd64	1.15-1ubuntu2
libxcb-dri3-0:amd64	1.15-1ubuntu2
libxcb-glx0:amd64	1.15-1ubuntu2
libxcb-icccm4:amd64	0.4.1-1.1build3
libxcb-image0:amd64	0.4.0-2build1
libxcb-keysyms1:amd64	0.4.0-1build4
libxcb-present0:amd64	1.15-1ubuntu2
libxcb-randr0:amd64	1.15-1ubuntu2
libxcb-randr0-dev:amd64	1.15-1ubuntu2
libxcb-render-util0:amd64	0.3.9-1build4
libxcb-render0:amd64	1.15-1ubuntu2
libxcb-render0-dev:amd64	1.15-1ubuntu2
libxcb-shape0:amd64	1.15-1ubuntu2
libxcb-shm0:amd64	1.15-1ubuntu2
libxcb-sync1:amd64	1.15-1ubuntu2
libxcb-util1:amd64	0.4.0-1build3
libxcb-xfixes0:amd64	1.15-1ubuntu2
libxcb-xinerama0:amd64	1.15-1ubuntu2
libxcb-xinput0:amd64	1.15-1ubuntu2
libxcb-xkb1:amd64	1.15-1ubuntu2
libxcb1:amd64	1.15-1ubuntu2
libxcb1-dev:amd64	1.15-1ubuntu2
libxcomposite1:amd64	1:0.4.5-1build3
libxcursor-dev:amd64	1:1.2.1-1build1
libxcursor1:amd64	1:1.2.1-1build1
libxdamage1:amd64	1:1.1.6-1build1
libxdmcp-dev:amd64	1:1.1.3-0ubuntu6
libxdmcp6:amd64	1:1.1.3-0ubuntu6
libxerces-c-dev:amd64	3.2.4+debian-1.2ubuntu2
libxerces-c3.2t64:amd64	3.2.4+debian-1.2ubuntu2
libxext-dev:amd64	2:1.3.4-1build2
libxext6:amd64	2:1.3.4-1build2
libxfixes-dev:amd64	1:6.0.0-2build1
libxfixes3:amd64	1:6.0.0-2build1
libxft-dev:amd64	2.3.6-1build1
libxft2:amd64	2.3.6-1build1
libxi-dev:amd64	2:1.8.1-1build1
libxi6:amd64	2:1.8.1-1build1
libxinerama-dev:amd64	2:1.1.4-3build1
libxinerama1:amd64	2:1.1.4-3build1
libxkbcommon-dev:amd64	1.6.0-1build1
libxkbcommon-x11-0:amd64	1.6.0-1build1
libxkbcommon0:amd64	1.6.0-1build1
libxkbfile1:amd64	1:1.1.0-1build4
libxml2:amd64	2.9.14+dfsg-1.3ubuntu3.8
libxml2-dev:amd64	2.9.14+dfsg-1.3ubuntu3.8
libxml2-utils	2.9.14+dfsg-1.3ubuntu3.8
libxmlb2:amd64	0.3.18-1
libxmu-dev:amd64	2:1.1.3-3build2
libxmu-headers	2:1.1.3-3build2
libxmu6:amd64	2:1.1.3-3build2
libxmuu1:amd64	2:1.1.3-3build2
libxnvctrl0:amd64	510.47.03-0ubuntu4.24.04.1
libxpm-dev:amd64	1:3.5.17-1ubuntu0.24.04.1
libxpm4:amd64	1:3.5.17-1ubuntu0.24.04.1
libxrandr-dev:amd64	2:1.5.2-2build1
libxrandr2:amd64	2:1.5.2-2build1
libxrender-dev:amd64	1:0.9.10-1.1build1
libxrender1:amd64	1:0.9.10-1.1build1
libxshmfence1:amd64	1.3-1build5
libxslt1.1:amd64	1.1.39-0exp1ubuntu0.24.04.3
libxss-dev:amd64	1:1.2.3-1build3
libxss1:amd64	1:1.2.3-1build3
libxt-dev:amd64	1:1.2.1-1.2build1
libxt6t64:amd64	1:1.2.1-1.2build1
libxtables12:amd64	1.8.10-3ubuntu2
libxtst6:amd64	2:1.2.3-1.1build1
libxv-dev:amd64	2:1.0.11-1.1build1
libxv1:amd64	2:1.0.11-1.1build1
libxvidcore4:amd64	2:1.3.7-1build1
libxxf86dga1:amd64	2:1.1.5-1build1
libxxf86vm-dev:amd64	1:1.1.4-1build4
libxxf86vm1:amd64	1:1.1.4-1build4
libxxhash0:amd64	0.8.2-2build1
libyaml-0-2:amd64	0.2.5-1build1
libyaml-cpp-dev:amd64	0.8.0+dfsg-6build1
libyaml-cpp0.8:amd64	0.8.0+dfsg-6build1
libyaml-dev:amd64	0.2.5-1build1
libzimg2:amd64	3.0.5+ds1-1build1
libzip-dev:amd64	1.7.3-1.1ubuntu2
libzip4t64:amd64	1.7.3-1.1ubuntu2
libzix-0-0:amd64	0.4.2-2build1
libzmq3-dev:amd64	4.3.5-1build2
libzmq5:amd64	4.3.5-1build2
libzstd-dev:amd64	1.5.5+dfsg2-2build1.1
libzstd1:amd64	1.5.5+dfsg2-2build1.1
libzvbi-common	0.2.42-2
libzvbi0t64:amd64	0.2.42-2
libzzip-0-13t64:amd64	0.13.72+dfsg.1-1.2build1
libzzip-dev	0.13.72+dfsg.1-1.2build1
linux-libc-dev:amd64	6.8.0-137.137
locales	2.39-0ubuntu8.8
login	1:4.13+dfsg1-4ubuntu3.2
logrotate	3.21.0-2build1
logsave	1.47.0-2.4~exp1ubuntu4.1
lsb-release	12.0-2
lshw	02.19.git.2021.06.19.996aaad9c7-2build3
lsof	4.95.0-1build3
lto-disabled-list	47
lttng-tools	2.13.11-2.1build4
m4	1.4.19-4build1
make	4.3-4.1build2
man-db	2.12.0-4build2
manpages	6.7-2
manpages-dev	6.7-2
mawk	1.3.4.20240123-1build1
media-types	10.1.0
mesa-libgallium:amd64	25.2.8-0ubuntu0.24.04.2
mesa-va-drivers:amd64	25.2.8-0ubuntu0.24.04.2
mesa-vdpau-drivers:amd64	25.2.8-0ubuntu0.24.04.2
mesa-vulkan-drivers:amd64	25.2.8-0ubuntu0.24.04.2
modemmanager	1.23.4-0ubuntu2
motd-news-config	13ubuntu10.1
mount	2.39.3-9ubuntu6.5
mpi-default-bin	1.15build1
mpi-default-dev	1.15build1
mysql-common	5.8+1.1.0build1
nano	7.2-2ubuntu0.2
ncurses-base	6.4+20240113-1ubuntu2.1
ncurses-bin	6.4+20240113-1ubuntu2.1
netbase	6.4
netcat-openbsd	1.226-1ubuntu2
netplan-generator	1.0.1-1ubuntu2~24.04.1
netplan.io	1.0.1-1ubuntu2~24.04.1
networkd-dispatcher	2.2.4-1
notification-daemon	3.20.0-4build3
ocl-icd-libopencl1:amd64	2.3.2-1build1
opencv-data	4.6.0+dfsg-13.1ubuntu1
openjdk-21-jdk:amd64	21.0.11+10-1~24.04.2
openjdk-21-jdk-headless:amd64	21.0.11+10-1~24.04.2
openjdk-21-jre:amd64	21.0.11+10-1~24.04.2
openjdk-21-jre-headless:amd64	21.0.11+10-1~24.04.2
openmpi-bin	4.1.6-7ubuntu2
openmpi-common	4.1.6-7ubuntu2
openni-utils	1.5.4.0+dfsg-7.1build1
openssh-client	1:9.6p1-3ubuntu13.18
openssl	3.0.13-0ubuntu3.12
packagekit	1.2.8-2ubuntu1.5
packagekit-tools	1.2.8-2ubuntu1.5
passwd	1:4.13+dfsg1-4ubuntu3.2
pastebinit	1.6.2-1
patch	2.7.6-7build3
pci.ids	0.0~2024.03.31-1
perl	5.38.2-3.2ubuntu0.3
perl-base	5.38.2-3.2ubuntu0.3
perl-modules-5.38	5.38.2-3.2ubuntu0.3
pinentry-curses	1.2.1-3ubuntu5
pkg-config:amd64	1.8.1-2build1
pkgconf:amd64	1.8.1-2build1
pkgconf-bin	1.8.1-2build1
pocketsphinx-en-us	0.8.0+real5prealpha+1-15ubuntu5
polkitd	124-2ubuntu1.24.04.3
poppler-data	0.4.12-1
procps	2:4.0.4-4ubuntu3.2
proj-bin	9.4.0-1build2
proj-data	9.4.0-1build2
protobuf-compiler	3.21.12-8.2ubuntu0.3
psmisc	23.7-1build1
publicsuffix	20231001.0357-0.1
pybind11-dev	2.11.1-2
pydocstyle	6.3.0-1.1
pyflakes3	3.2.0-1
pyqt5-dev	5.15.10+dfsg-1build6
python-apt-common	2.7.7ubuntu5.1
python-babel-localedata	2.10.3-3build1
python-matplotlib-data	3.6.3-1ubuntu5
python3	3.12.3-0ubuntu2.1
python3-appdirs	1.4.4-4
python3-apport	2.28.1-0ubuntu3.8
python3-apt	2.7.7ubuntu5.1
python3-argcomplete	3.1.4-1ubuntu0.1
python3-attr	23.2.0-2
python3-automat	22.10.0-2
python3-babel	2.10.3-3build1
python3-bcrypt	3.2.2-1build1
python3-blinker	1.7.0-1
python3-brotli	1.1.0-2build2
python3-bs4	4.12.3-1
python3-cairo	1.25.1-2build2
python3-catkin-pkg-modules	1.1.0-2
python3-certifi	2023.11.17-1
python3-cffi-backend:amd64	1.16.0-2build1
python3-chardet	5.2.0+dfsg-1
python3-click	8.1.6-2
python3-colcon-argcomplete	0.3.3+upstream-1
python3-colcon-bash	0.5.0-100
python3-colcon-cd	0.2.1-100
python3-colcon-cmake	0.2.29-100
python3-colcon-common-extensions	0.3.0-100
python3-colcon-core	0.20.1+upstream-1
python3-colcon-defaults	0.2.9+upstream-1
python3-colcon-devtools	0.3.0-100
python3-colcon-installed-package-information	0.2.1-100
python3-colcon-library-path	0.2.1-100
python3-colcon-metadata	0.2.5-100
python3-colcon-notification	0.3.1+upstream-1
python3-colcon-output	0.2.14+upstream-1
python3-colcon-override-check	0.0.1-100
python3-colcon-package-information	0.4.1+upstream-1
python3-colcon-package-selection	0.2.10-100
python3-colcon-parallel-executor	0.3.0-100
python3-colcon-pkg-config	0.1.0-100
python3-colcon-powershell	0.5.0+upstream-1
python3-colcon-python-setup-py	0.2.9-100
python3-colcon-recursive-crawl	0.2.3-100
python3-colcon-ros	0.5.0+upstream-1
python3-colcon-test-result	0.3.8-100
python3-colcon-zsh	0.5.0-100
python3-colorama	0.4.6-4
python3-commandnotfound	23.04.0
python3-configobj	5.0.8-3
python3-constantly	23.10.4-1
python3-contourpy	1.0.7-2build1
python3-coverage	7.4.4+dfsg1-0ubuntu2
python3-cryptography	41.0.7-4ubuntu0.4
python3-cssselect	1.2.0-2
python3-cycler	0.11.0-2
python3-dateutil	2.8.2-3ubuntu1
python3-dbus	1.3.2-5build3
python3-debconf	1.5.86ubuntu1
python3-decorator	5.1.1-5
python3-deprecated	1.2.14-1
python3-dev	3.12.3-0ubuntu2.1
python3-distlib	0.3.8-1
python3-distro	1.9.0-1
python3-distro-info	1.7build1
python3-distupgrade	1:24.04.23
python3-docutils	0.20.1+dfsg-3
python3-empy	3.3.4-2
python3-filelock	3.13.1-1
python3-flake8	7.0.0-1
python3-flake8-builtins	2.1.0-1
python3-flake8-comprehensions	3.14.0-1
python3-flake8-docstrings	1.6.0-2
python3-flake8-import-order	0.18.2-2
python3-flake8-quotes	3.4.0-1
python3-fonttools	4.46.0-1build2
python3-fs	2.4.16-3
python3-gdbm:amd64	3.12.3-0ubuntu1
python3-gi	3.48.2-1
python3-hamcrest	2.1.0-1
python3-html5lib	1.1-6
python3-httplib2	0.20.4-3ubuntu0.1
python3-hyperlink	21.0.0-5
python3-idna	3.6-2ubuntu0.2
python3-importlib-metadata	4.12.0-1
python3-incremental	22.10.0-1
python3-iniconfig	1.1.1-2
python3-jinja2	3.1.2-1ubuntu1.3
python3-json-pointer	2.0-0ubuntu1
python3-jsonpatch	1.32-3
python3-jsonschema	4.10.3-2ubuntu1
python3-jwt	2.7.0-1ubuntu0.1
python3-kiwisolver	1.4.4-2build1
python3-lark	1.1.9-1
python3-launchpadlib	1.11.0-6
python3-lazr.restfulclient	0.14.6-1
python3-lazr.uri	1.0.6-3
python3-lxml:amd64	5.2.1-1
python3-lz4	4.0.2+dfsg-1build4
python3-markdown-it	3.0.0-2
python3-markupsafe	2.1.5-1build2
python3-matplotlib	3.6.3-1ubuntu5
python3-mccabe	0.7.0-1
python3-mdurl	0.1.2-1
python3-minimal	3.12.3-0ubuntu2.1
python3-more-itertools	10.2.0-1
python3-mpi4py	3.1.5-5ubuntu2
python3-mpmath	1.2.1-3
python3-netifaces:amd64	0.11.0-2build3
python3-netplan	1.0.1-1ubuntu2~24.04.1
python3-newt:amd64	0.52.24-2ubuntu2
python3-notify2	0.3-5
python3-numpy	1:1.26.4+ds-6ubuntu1
python3-oauthlib	3.2.2-1
python3-olefile	0.46-3
python3-opencv:amd64	4.6.0+dfsg-13.1ubuntu1
python3-openssl	23.2.0-1ubuntu0.1
python3-packaging	24.0-1
python3-pil:amd64	10.2.0-1ubuntu1.2
python3-pil.imagetk:amd64	10.2.0-1ubuntu1.2
python3-pip	24.0+dfsg-1ubuntu1.3
python3-pkg-resources	68.1.2-2ubuntu1.2
python3-pluggy	1.4.0-1
python3-problem-report	2.28.1-0ubuntu3.8
python3-protobuf	3.21.12-8.2ubuntu0.3
python3-psutil	5.9.8-2build2
python3-pyasn1	0.4.8-4ubuntu0.2
python3-pyasn1-modules	0.2.8-1
python3-pycodestyle	2.11.1-1
python3-pycurl	7.45.3-1build2
python3-pydocstyle	6.3.0-1.1
python3-pydot	1.4.2-2
python3-pyflakes	3.2.0-1
python3-pygments	2.17.2+dfsg-1
python3-pygraphviz	1.7-4build1
python3-pykdl:amd64	1.5.1-4build1
python3-pyparsing	3.1.1-1
python3-pyqt5	5.15.10+dfsg-1build6
python3-pyqt5.qtsvg	5.15.10+dfsg-1build6
python3-pyqt5.sip	12.13.0-1build3
python3-pyrsistent:amd64	0.20.0-1build2
python3-pyside2.qtcore	5.15.13-1
python3-pyside2.qtgui	5.15.13-1
python3-pyside2.qtsvg	5.15.13-1
python3-pyside2.qtwidgets	5.15.13-1
python3-pytest	7.4.4-1
python3-pytest-cov	4.1.0-1
python3-requests	2.31.0+dfsg-1ubuntu1.1
python3-rich	13.7.1-1
python3-roman	3.3-3
python3-rosdep	0.26.0-1
python3-rosdep-modules	0.26.0-1
python3-rosdistro-modules	1.0.1-1
python3-rospkg-modules	1.6.1-1
python3-scipy	1.11.4-6build1
python3-serial	3.5-2
python3-service-identity	24.1.0-1
python3-setuptools	68.1.2-2ubuntu1.2
python3-sip	4.19.25+dfsg-5build3
python3-sip-dev	4.19.25+dfsg-5build3
python3-six	1.16.0-4
python3-snowballstemmer	2.2.0-4build1
python3-software-properties	0.99.49.1
python3-soupsieve	2.5-1
python3-sympy	1.12-7
python3-systemd	235-1build4
python3-tk:amd64	3.12.3-0ubuntu1
python3-transforms3d	0.4.1+ds-1
python3-twisted	24.3.0-1ubuntu0.2
python3-typeguard	4.1.5-1
python3-typing-extensions	4.10.0-1
python3-tz	2024.1-2
python3-ufolib2	0.16.0+dfsg1-1
python3-unicodedata2	15.1.0+ds-1build1
python3-update-manager	1:24.04.9
python3-urllib3	2.0.7-1ubuntu0.7
python3-vcstool	0.3.0-1
python3-vtk9	9.1.0+really9.1.0+dfsg2-7.1build3
python3-wadllib	1.3.6-5
python3-webencodings	0.5.1-5
python3-wheel	0.42.0-2
python3-wrapt	1.15.0-2build3
python3-yaml	6.0.1-2build2
python3-zipp	1.0.0-6ubuntu0.1
python3-zope.interface	6.1-1build1
python3.12	3.12.3-1ubuntu0.15
python3.12-dev	3.12.3-1ubuntu0.15
python3.12-minimal	3.12.3-1ubuntu0.15
qdoc-qt5	5.15.13-1
qhelpgenerator-qt5	5.15.13-1
qml-module-qt-labs-folderlistmodel:amd64	5.15.13+dfsg-1ubuntu0.1
qml-module-qt-labs-platform:amd64	5.15.13+dfsg-1
qml-module-qt-labs-settings:amd64	5.15.13+dfsg-1ubuntu0.1
qml-module-qtcharts:amd64	5.15.13-1
qml-module-qtgraphicaleffects:amd64	5.15.13-1
qml-module-qtlocation:amd64	5.15.13+dfsg-1
qml-module-qtpositioning:amd64	5.15.13+dfsg-1
qml-module-qtqml:amd64	5.15.13+dfsg-1ubuntu0.1
qml-module-qtqml-models2:amd64	5.15.13+dfsg-1ubuntu0.1
qml-module-qtquick-controls:amd64	5.15.13-1
qml-module-qtquick-controls2:amd64	5.15.13+dfsg-1
qml-module-qtquick-dialogs:amd64	5.15.13-1
qml-module-qtquick-extras:amd64	5.15.13-1
qml-module-qtquick-layouts:amd64	5.15.13+dfsg-1ubuntu0.1
qml-module-qtquick-privatewidgets:amd64	5.15.13-1
qml-module-qtquick-templates2:amd64	5.15.13+dfsg-1
qml-module-qtquick-window2:amd64	5.15.13+dfsg-1ubuntu0.1
qml-module-qtquick2:amd64	5.15.13+dfsg-1ubuntu0.1
qt5-assistant	5.15.13-1
qt5-gtk-platformtheme:amd64	5.15.13+dfsg-1ubuntu1
qt5-qmake:amd64	5.15.13+dfsg-1ubuntu1
qt5-qmake-bin	5.15.13+dfsg-1ubuntu1
qt5-qmltooling-plugins:amd64	5.15.13+dfsg-1ubuntu0.1
qtattributionsscanner-qt5	5.15.13-1
qtbase5-dev:amd64	5.15.13+dfsg-1ubuntu1
qtbase5-dev-tools	5.15.13+dfsg-1ubuntu1
qtchooser	66-2build2
qtdeclarative5-dev:amd64	5.15.13+dfsg-1ubuntu0.1
qtdeclarative5-dev-tools	5.15.13+dfsg-1ubuntu0.1
qtquickcontrols2-5-dev:amd64	5.15.13+dfsg-1
qttools5-dev:amd64	5.15.13-1
qttools5-dev-tools	5.15.13-1
qttools5-private-dev:amd64	5.15.13-1
qttranslations5-l10n	5.15.13-1
qtwayland5:amd64	5.15.13-1
rake	13.0.6-3
rapidjson-dev	1.1.0+dfsg2-7.2
readline-common	8.2-4build1
ros-jazzy-ackermann-msgs	2.0.2-6noble.20260412.033758
ros-jazzy-ackermann-steering-controller	4.39.0-1noble.20260412.065724
ros-jazzy-action-msgs	2.0.3-1noble.20260412.032342
ros-jazzy-action-tutorials-cpp	0.33.10-1noble.20260412.044552
ros-jazzy-action-tutorials-interfaces	0.33.10-1noble.20260412.032748
ros-jazzy-action-tutorials-py	0.33.10-1noble.20260412.042036
ros-jazzy-actionlib-msgs	5.3.7-1noble.20260412.034232
ros-jazzy-actuator-msgs	0.0.1-4noble.20260412.033807
ros-jazzy-admittance-controller	4.39.0-1noble.20260412.063944
ros-jazzy-ament-cmake	2.5.6-2noble.20260225.222913
ros-jazzy-ament-cmake-auto	2.5.6-2noble.20260225.232257
ros-jazzy-ament-cmake-copyright	0.17.5-1noble.20260410.113746
ros-jazzy-ament-cmake-core	2.5.6-2noble.20260224.191131
ros-jazzy-ament-cmake-cppcheck	0.17.5-1noble.20260410.113607
ros-jazzy-ament-cmake-cpplint	0.17.5-1noble.20260410.105800
ros-jazzy-ament-cmake-export-definitions	2.5.6-2noble.20260224.232207
ros-jazzy-ament-cmake-export-dependencies	2.5.6-2noble.20260225.043730
ros-jazzy-ament-cmake-export-include-directories	2.5.6-2noble.20260224.232223
ros-jazzy-ament-cmake-export-interfaces	2.5.6-2noble.20260225.042039
ros-jazzy-ament-cmake-export-libraries	2.5.6-2noble.20260224.232254
ros-jazzy-ament-cmake-export-link-flags	2.5.6-2noble.20260225.042107
ros-jazzy-ament-cmake-export-targets	2.5.6-2noble.20260225.042100
ros-jazzy-ament-cmake-flake8	0.17.5-1noble.20260410.113910
ros-jazzy-ament-cmake-gen-version-h	2.5.6-2noble.20260225.042237
ros-jazzy-ament-cmake-gmock	2.5.6-2noble.20260225.215706
ros-jazzy-ament-cmake-gtest	2.5.6-2noble.20260225.145055
ros-jazzy-ament-cmake-include-directories	2.5.6-2noble.20260225.042241
ros-jazzy-ament-cmake-libraries	2.5.6-2noble.20260225.042312
ros-jazzy-ament-cmake-lint-cmake	0.17.5-1noble.20260410.113602
ros-jazzy-ament-cmake-pep257	0.17.5-1noble.20260410.113929
ros-jazzy-ament-cmake-pytest	2.5.6-2noble.20260225.145739
ros-jazzy-ament-cmake-python	2.5.6-2noble.20260225.042312
ros-jazzy-ament-cmake-ros	0.12.0-3noble.20260225.232209
ros-jazzy-ament-cmake-target-dependencies	2.5.6-2noble.20260225.043936
ros-jazzy-ament-cmake-test	2.5.6-2noble.20260225.143205
ros-jazzy-ament-cmake-uncrustify	0.17.5-1noble.20260410.113615
ros-jazzy-ament-cmake-version	2.5.6-2noble.20260225.042330
ros-jazzy-ament-cmake-xmllint	0.17.5-1noble.20260410.113914
ros-jazzy-ament-copyright	0.17.5-1noble.20260410.105859
ros-jazzy-ament-cppcheck	0.17.5-1noble.20260410.080408
ros-jazzy-ament-cpplint	0.17.5-1noble.20260410.080348
ros-jazzy-ament-flake8	0.17.5-1noble.20260410.113507
ros-jazzy-ament-index-cpp	1.8.2-1noble.20260412.024949
ros-jazzy-ament-index-python	1.8.2-1noble.20260412.024953
ros-jazzy-ament-lint	0.17.5-1noble.20260410.080358
ros-jazzy-ament-lint-auto	0.17.5-1noble.20260410.080333
ros-jazzy-ament-lint-cmake	0.17.5-1noble.20260410.080405
ros-jazzy-ament-lint-common	0.17.5-1noble.20260410.114154
ros-jazzy-ament-package	0.16.5-1noble.20260121.174946
ros-jazzy-ament-pep257	0.17.5-1noble.20260410.113520
ros-jazzy-ament-uncrustify	0.17.5-1noble.20260410.080359
ros-jazzy-ament-xmllint	0.17.5-1noble.20260410.113521
ros-jazzy-angles	1.16.1-1noble.20260225.231445
ros-jazzy-backward-ros	1.0.8-1noble.20260225.051215
ros-jazzy-bicycle-steering-controller	4.39.0-1noble.20260412.065852
ros-jazzy-builtin-interfaces	2.0.3-1noble.20260412.031450
ros-jazzy-chained-filter-controller	4.39.0-1noble.20260412.063948
ros-jazzy-chomp-motion-planner	2.12.4-1noble.20260412.063134
ros-jazzy-class-loader	2.7.0-3noble.20260226.003328
ros-jazzy-common-interfaces	5.3.7-1noble.20260412.035857
ros-jazzy-composition	0.33.10-1noble.20260412.044808
ros-jazzy-composition-interfaces	2.0.3-1noble.20260412.034209
ros-jazzy-compressed-depth-image-transport	4.0.6-1noble.20260412.053601
ros-jazzy-compressed-image-transport	4.0.6-1noble.20260412.053636
ros-jazzy-console-bridge-vendor	1.7.1-3noble.20260225.232019
ros-jazzy-control-msgs	5.9.0-1noble.20260412.040109
ros-jazzy-control-toolbox	4.10.0-1noble.20260412.053928
ros-jazzy-controller-interface	4.44.0-1noble.20260412.063301
ros-jazzy-controller-manager	4.44.0-1noble.20260412.063942
ros-jazzy-controller-manager-msgs	4.44.0-1noble.20260412.034249
ros-jazzy-cv-bridge	4.1.0-1noble.20260615.144656
ros-jazzy-demo-nodes-cpp	0.33.10-1noble.20260412.044049
ros-jazzy-demo-nodes-cpp-native	0.33.10-1noble.20260412.044602
ros-jazzy-demo-nodes-py	0.33.10-1noble.20260412.042524
ros-jazzy-depthimage-to-laserscan	2.5.1-3noble.20260412.051904
ros-jazzy-desktop	0.11.0-1noble.20260412.072512
ros-jazzy-diagnostic-msgs	5.3.7-1noble.20260412.034614
ros-jazzy-diagnostic-updater	4.2.6-1noble.20260412.045349
ros-jazzy-diff-drive-controller	4.39.0-1noble.20260412.063951
ros-jazzy-domain-coordinator	0.12.0-3noble.20260225.051359
ros-jazzy-dummy-map-server	0.33.10-1noble.20260412.051842
ros-jazzy-dummy-robot-bringup	0.33.10-1noble.20260412.052140
ros-jazzy-dummy-sensors	0.33.10-1noble.20260412.051906
ros-jazzy-effort-controllers	4.39.0-1noble.20260412.065511
ros-jazzy-eigen-stl-containers	1.1.0-1noble.20260225.233822
ros-jazzy-eigen3-cmake-module	0.3.0-3noble.20260225.233716
ros-jazzy-example-interfaces	0.12.0-3noble.20260412.032829
ros-jazzy-examples-rclcpp-minimal-action-client	0.19.7-1noble.20260412.051021
ros-jazzy-examples-rclcpp-minimal-action-server	0.19.7-1noble.20260412.051019
ros-jazzy-examples-rclcpp-minimal-client	0.19.7-1noble.20260412.051022
ros-jazzy-examples-rclcpp-minimal-composition	0.19.7-1noble.20260412.045356
ros-jazzy-examples-rclcpp-minimal-publisher	0.19.7-1noble.20260412.045354
ros-jazzy-examples-rclcpp-minimal-service	0.19.7-1noble.20260412.051024
ros-jazzy-examples-rclcpp-minimal-subscriber	0.19.7-1noble.20260412.045426
ros-jazzy-examples-rclcpp-minimal-timer	0.19.7-1noble.20260412.052718
ros-jazzy-examples-rclcpp-multithreaded-executor	0.19.7-1noble.20260412.045432
ros-jazzy-examples-rclpy-executors	0.19.7-1noble.20260412.042551
ros-jazzy-examples-rclpy-minimal-action-client	0.19.7-1noble.20260412.042555
ros-jazzy-examples-rclpy-minimal-action-server	0.19.7-1noble.20260412.042203
ros-jazzy-examples-rclpy-minimal-client	0.19.7-1noble.20260412.042556
ros-jazzy-examples-rclpy-minimal-publisher	0.19.7-1noble.20260412.042601
ros-jazzy-examples-rclpy-minimal-service	0.19.7-1noble.20260412.042602
ros-jazzy-examples-rclpy-minimal-subscriber	0.19.7-1noble.20260412.042605
ros-jazzy-fastcdr	2.2.7-1noble.20260225.051855
ros-jazzy-fastrtps	2.14.6-1noble.20260303.233638
ros-jazzy-fastrtps-cmake-module	3.6.3-1noble.20260225.234436
ros-jazzy-filters	2.2.2-1noble.20260412.042704
ros-jazzy-foonathan-memory-vendor	1.3.1-3noble.20260225.055155
ros-jazzy-force-torque-sensor-broadcaster	4.39.0-1noble.20260412.064724
ros-jazzy-forward-command-controller	4.39.0-1noble.20260412.064726
ros-jazzy-generate-parameter-library	0.7.1-1noble.20260412.053405
ros-jazzy-generate-parameter-library-py	0.7.1-1noble.20260323.095134
ros-jazzy-geometric-shapes	2.3.2-1noble.20260412.042659
ros-jazzy-geometry-msgs	5.3.7-1noble.20260412.033928
ros-jazzy-geometry2	0.36.20-1noble.20260412.060249
ros-jazzy-gmock-vendor	1.14.9000-2noble.20260225.143751
ros-jazzy-google-benchmark-vendor	0.5.1-1noble.20260225.055256
ros-jazzy-gpio-controllers	4.39.0-1noble.20260412.064732
ros-jazzy-gps-msgs	2.1.2-1noble.20260412.033940
ros-jazzy-gps-sensor-broadcaster	4.39.0-1noble.20260412.065149
ros-jazzy-gripper-controllers	4.39.0-1noble.20260412.063950
ros-jazzy-gtest-vendor	1.14.9000-2noble.20260225.055309
ros-jazzy-gz-cmake-vendor	0.0.11-1noble.20260225.223100
ros-jazzy-gz-common-vendor	0.0.9-1noble.20260226.000703
ros-jazzy-gz-dartsim-vendor	0.0.3-1noble.20260225.232143
ros-jazzy-gz-fuel-tools-vendor	0.0.6-1noble.20260226.001605
ros-jazzy-gz-gui-vendor	0.0.5-1noble.20260226.010336
ros-jazzy-gz-math-vendor	0.0.8-1noble.20260225.232138
ros-jazzy-gz-msgs-vendor	0.0.6-1noble.20260225.232943
ros-jazzy-gz-ogre-next-vendor	0.0.5-1noble.20260225.232146
ros-jazzy-gz-physics-vendor	0.0.7-1noble.20260226.002542
ros-jazzy-gz-plugin-vendor	0.0.5-1noble.20260226.000520
ros-jazzy-gz-rendering-vendor	0.0.7-1noble.20260226.001618
ros-jazzy-gz-ros2-control	1.2.19-1noble.20260615.171757
ros-jazzy-gz-sensors-vendor	0.0.6-1noble.20260226.005904
ros-jazzy-gz-sim-vendor	0.0.10-1noble.20260318.175144
ros-jazzy-gz-tools-vendor	0.0.7-1noble.20260225.231255
ros-jazzy-gz-transport-vendor	0.0.7-1noble.20260225.234741
ros-jazzy-gz-utils-vendor	0.0.5-1noble.20260225.231257
ros-jazzy-hardware-interface	4.44.0-1noble.20260412.053318
ros-jazzy-image-geometry	4.1.0-1noble.20260412.040226
ros-jazzy-image-tools	0.33.10-1noble.20260412.045451
ros-jazzy-image-transport	5.1.7-1noble.20260412.043635
ros-jazzy-image-transport-plugins	4.0.6-1noble.20260412.070744
ros-jazzy-imu-sensor-broadcaster	4.39.0-1noble.20260412.065154
ros-jazzy-interactive-markers	2.5.5-1noble.20260412.054351
ros-jazzy-intra-process-demo	0.33.10-1noble.20260412.045501
ros-jazzy-joint-limits	4.44.0-1noble.20260412.053037
ros-jazzy-joint-state-broadcaster	4.39.0-1noble.20260412.065204
ros-jazzy-joint-state-publisher	2.4.1-1noble.20260412.042050
ros-jazzy-joint-state-publisher-gui	2.4.1-1noble.20260412.042300
ros-jazzy-joint-trajectory-controller	4.39.0-1noble.20260412.063953
ros-jazzy-joy	3.3.0-3noble.20260412.051931
ros-jazzy-kdl-parser	2.11.0-3noble.20260412.025844
ros-jazzy-keyboard-handler	0.3.2-1noble.20260225.235108
ros-jazzy-kinematics-interface	1.7.0-1noble.20260412.053227
ros-jazzy-laser-geometry	2.7.2-1noble.20260412.051842
ros-jazzy-launch	3.4.10-1noble.20260412.025232
ros-jazzy-launch-param-builder	0.1.1-4noble.20260412.042639
ros-jazzy-launch-ros	0.26.11-1noble.20260412.042642
ros-jazzy-launch-testing	3.4.10-1noble.20260412.025508
ros-jazzy-launch-testing-ament-cmake	3.4.10-1noble.20260412.025830
ros-jazzy-launch-testing-ros	0.26.11-1noble.20260412.043323
ros-jazzy-launch-xml	3.4.10-1noble.20260412.025343
ros-jazzy-launch-yaml	3.4.10-1noble.20260412.025341
ros-jazzy-libcurl-vendor	3.4.4-1noble.20260225.235243
ros-jazzy-liblz4-vendor	0.26.10-2noble.20260408.222020
ros-jazzy-libstatistics-collector	1.7.4-1noble.20260412.041007
ros-jazzy-libyaml-vendor	1.6.3-2noble.20260225.235345
ros-jazzy-lifecycle	0.33.10-1noble.20260412.045645
ros-jazzy-lifecycle-msgs	2.0.3-1noble.20260412.032912
ros-jazzy-logging-demo	0.33.10-1noble.20260412.044110
ros-jazzy-map-msgs	2.4.1-2noble.20260412.035524
ros-jazzy-marine-acoustic-msgs	2.1.0-2noble.20260412.035442
ros-jazzy-mcap-vendor	0.26.10-2noble.20260408.222435
ros-jazzy-mecanum-drive-controller	4.39.0-1noble.20260412.065209
ros-jazzy-message-filters	4.11.12-1noble.20260412.042737
ros-jazzy-moveit	2.12.4-1noble.20260617.161956
ros-jazzy-moveit-common	2.12.4-1noble.20260225.235600
ros-jazzy-moveit-configs-utils	2.12.4-1noble.20260412.053416
ros-jazzy-moveit-core	2.12.4-1noble.20260412.053952
ros-jazzy-moveit-kinematics	2.12.4-1noble.20260412.065216
ros-jazzy-moveit-msgs	2.6.0-1noble.20260412.041739
ros-jazzy-moveit-planners	2.12.4-1noble.20260412.073607
ros-jazzy-moveit-planners-chomp	2.12.4-1noble.20260412.063945
ros-jazzy-moveit-planners-ompl	2.12.4-1noble.20260412.065232
ros-jazzy-moveit-planners-stomp	2.12.4-1noble.20260412.061858
ros-jazzy-moveit-plugins	2.12.4-1noble.20260412.073600
ros-jazzy-moveit-resources-panda-description	3.1.0-1noble.20260225.235702
ros-jazzy-moveit-resources-panda-moveit-config	3.1.0-1noble.20260615.174424
ros-jazzy-moveit-ros	2.12.4-1noble.20260412.075256
ros-jazzy-moveit-ros-benchmarks	2.12.4-1noble.20260412.071926
ros-jazzy-moveit-ros-move-group	2.12.4-1noble.20260412.070722
ros-jazzy-moveit-ros-occupancy-map-monitor	2.12.4-1noble.20260412.060541
ros-jazzy-moveit-ros-planning	2.12.4-1noble.20260412.061458
ros-jazzy-moveit-ros-planning-interface	2.12.4-1noble.20260412.072305
ros-jazzy-moveit-ros-robot-interaction	2.12.4-1noble.20260412.065541
ros-jazzy-moveit-ros-visualization	2.12.4-1noble.20260412.073037
ros-jazzy-moveit-ros-warehouse	2.12.4-1noble.20260412.065555
ros-jazzy-moveit-servo	2.12.4-1noble.20260617.154301
ros-jazzy-moveit-setup-app-plugins	2.12.4-1noble.20260412.082330
ros-jazzy-moveit-setup-assistant	2.12.4-1noble.20260412.085049
ros-jazzy-moveit-setup-controllers	2.12.4-1noble.20260412.081203
ros-jazzy-moveit-setup-core-plugins	2.12.4-1noble.20260412.081346
ros-jazzy-moveit-setup-framework	2.12.4-1noble.20260412.075233
ros-jazzy-moveit-setup-srdf-plugins	2.12.4-1noble.20260412.081346
ros-jazzy-moveit-simple-controller-manager	2.12.4-1noble.20260412.061617
ros-jazzy-nav-msgs	5.3.7-1noble.20260412.034710
ros-jazzy-object-recognition-msgs	2.0.0-5noble.20260412.035902
ros-jazzy-octomap-msgs	2.0.1-1noble.20260412.035529
ros-jazzy-omni-wheel-drive-controller	4.39.0-1noble.20260412.065241
ros-jazzy-ompl	1.7.0-2noble.20260225.055751
ros-jazzy-orocos-kdl-vendor	0.5.1-2noble.20260225.234720
ros-jazzy-osqp-vendor	0.2.0-4noble.20260226.000013
ros-jazzy-osrf-pycommon	2.1.7-1noble.20260225.055811
ros-jazzy-pal-statistics	2.7.0-1noble.20260412.051247
ros-jazzy-pal-statistics-msgs	2.7.0-1noble.20260412.034107
ros-jazzy-parallel-gripper-controller	4.39.0-1noble.20260412.063954
ros-jazzy-parameter-traits	0.7.1-1noble.20260412.053054
ros-jazzy-pcl-conversions	2.6.4-1noble.20260412.045759
ros-jazzy-pcl-msgs	1.0.0-9noble.20260412.035559
ros-jazzy-pendulum-control	0.33.10-1noble.20260412.050614
ros-jazzy-pendulum-msgs	0.33.10-1noble.20260412.033002
ros-jazzy-pid-controller	4.39.0-1noble.20260412.063957
ros-jazzy-pilz-industrial-motion-planner	2.12.4-1noble.20260412.072051
ros-jazzy-pluginlib	5.4.5-1noble.20260412.025240
ros-jazzy-point-cloud-transport	4.0.7-1noble.20260412.043749
ros-jazzy-pose-broadcaster	4.39.0-1noble.20260412.065247
ros-jazzy-position-controllers	4.39.0-1noble.20260412.065512
ros-jazzy-pybind11-vendor	3.1.3-1noble.20260226.000033
ros-jazzy-python-cmake-module	0.11.1-2noble.20260226.000327
ros-jazzy-python-orocos-kdl-vendor	0.5.1-2noble.20260226.001217
ros-jazzy-python-qt-binding	2.2.2-1noble.20260226.000339
ros-jazzy-qt-dotgraph	2.7.6-1noble.20260330.190755
ros-jazzy-qt-gui	2.7.6-1noble.20260412.025229
ros-jazzy-qt-gui-cpp	2.7.6-1noble.20260412.025941
ros-jazzy-qt-gui-py-common	2.7.6-1noble.20260412.025229
ros-jazzy-quality-of-service-demo-cpp	0.33.10-1noble.20260412.050216
ros-jazzy-quality-of-service-demo-py	0.33.10-1noble.20260412.042122
ros-jazzy-random-numbers	2.0.1-5noble.20260225.225100
ros-jazzy-range-sensor-broadcaster	4.39.0-1noble.20260412.065248
ros-jazzy-rcl	9.2.9-1noble.20260412.040633
ros-jazzy-rcl-action	9.2.9-1noble.20260412.041043
ros-jazzy-rcl-interfaces	2.0.3-1noble.20260412.033104
ros-jazzy-rcl-lifecycle	9.2.9-1noble.20260412.040958
ros-jazzy-rcl-logging-interface	3.1.1-1noble.20260226.002403
ros-jazzy-rcl-logging-spdlog	3.1.1-1noble.20260226.003321
ros-jazzy-rcl-yaml-param-parser	9.2.9-1noble.20260226.005115
ros-jazzy-rclcpp	28.1.18-1noble.20260412.041931
ros-jazzy-rclcpp-action	28.1.18-1noble.20260412.042748
ros-jazzy-rclcpp-components	28.1.18-1noble.20260412.042656
ros-jazzy-rclcpp-lifecycle	28.1.18-1noble.20260412.042728
ros-jazzy-rclpy	7.1.11-1noble.20260412.041747
ros-jazzy-rcpputils	2.11.3-1noble.20260226.002359
ros-jazzy-rcutils	6.7.5-1noble.20260226.001538
ros-jazzy-realtime-tools	3.11.0-1noble.20260412.052804
ros-jazzy-resource-retriever	3.4.4-1noble.20260412.025343
ros-jazzy-rmw	7.3.3-1noble.20260226.004315
ros-jazzy-rmw-dds-common	3.1.1-1noble.20260412.033108
ros-jazzy-rmw-fastrtps-cpp	8.4.3-1noble.20260412.034154
ros-jazzy-rmw-fastrtps-shared-cpp	8.4.3-1noble.20260412.033316
ros-jazzy-rmw-implementation	2.15.6-1noble.20260412.040200
ros-jazzy-rmw-implementation-cmake	7.3.3-1noble.20260225.225156
ros-jazzy-robot-state-publisher	3.3.3-3noble.20260412.044622
ros-jazzy-ros-base	0.11.0-1noble.20260412.071950
ros-jazzy-ros-core	0.11.0-1noble.20260412.053408
ros-jazzy-ros-environment	4.2.1-1noble.20260225.043405
ros-jazzy-ros-gz	1.0.22-1noble.20260616.074726
ros-jazzy-ros-gz-bridge	1.0.22-1noble.20260412.043437
ros-jazzy-ros-gz-image	1.0.22-1noble.20260412.051928
ros-jazzy-ros-gz-interfaces	1.0.22-1noble.20260412.034812
ros-jazzy-ros-gz-sim	1.0.22-1noble.20260412.044601
ros-jazzy-ros-gz-sim-demos	1.0.22-1noble.20260412.072030
ros-jazzy-ros-workspace	1.0.3-7noble.20260224.191628
ros-jazzy-ros2-control	4.45.2-1noble.20260615.175135
ros-jazzy-ros2-control-cmake	0.4.0-1noble.20260429.101922
ros-jazzy-ros2-control-test-assets	4.44.0-1noble.20260403.074054
ros-jazzy-ros2-controllers	4.40.1-1noble.20260616.074625
ros-jazzy-ros2action	0.32.9-1noble.20260412.053021
ros-jazzy-ros2bag	0.26.10-2noble.20260412.065702
ros-jazzy-ros2cli	0.32.9-1noble.20260412.042300
ros-jazzy-ros2cli-common-extensions	0.3.1-1noble.20260412.053337
ros-jazzy-ros2component	0.32.9-1noble.20260412.052519
ros-jazzy-ros2controlcli	4.44.0-1noble.20260412.065523
ros-jazzy-ros2doctor	0.32.9-1noble.20260412.042619
ros-jazzy-ros2interface	0.32.9-1noble.20260412.042621
ros-jazzy-ros2launch	0.26.11-1noble.20260412.043200
ros-jazzy-ros2lifecycle	0.32.9-1noble.20260412.052446
ros-jazzy-ros2multicast	0.32.9-1noble.20260412.053041
ros-jazzy-ros2node	0.32.9-1noble.20260412.042626
ros-jazzy-ros2param	0.32.9-1noble.20260412.052450
ros-jazzy-ros2pkg	0.32.9-1noble.20260412.042622
ros-jazzy-ros2plugin	5.4.5-1noble.20260412.042739
ros-jazzy-ros2run	0.32.9-1noble.20260412.053103
ros-jazzy-ros2service	0.32.9-1noble.20260412.052412
ros-jazzy-ros2topic	0.32.9-1noble.20260412.042628
ros-jazzy-rosbag2	0.26.10-2noble.20260412.070736
ros-jazzy-rosbag2-compression	0.26.10-2noble.20260412.053554
ros-jazzy-rosbag2-compression-zstd	0.26.10-2noble.20260412.054126
ros-jazzy-rosbag2-cpp	0.26.10-2noble.20260412.043347
ros-jazzy-rosbag2-interfaces	0.26.10-2noble.20260412.033118
ros-jazzy-rosbag2-py	0.26.10-2noble.20260412.060353
ros-jazzy-rosbag2-storage	0.26.10-2noble.20260412.042713
ros-jazzy-rosbag2-storage-default-plugins	0.26.10-2noble.20260412.065628
ros-jazzy-rosbag2-storage-mcap	0.26.10-2noble.20260412.043351
ros-jazzy-rosbag2-storage-sqlite3	0.26.10-2noble.20260412.043751
ros-jazzy-rosbag2-transport	0.26.10-2noble.20260412.054424
ros-jazzy-rosgraph-msgs	2.0.3-1noble.20260412.033127
ros-jazzy-rosidl-adapter	4.6.7-1noble.20260225.225255
ros-jazzy-rosidl-cli	4.6.7-1noble.20260225.142152
ros-jazzy-rosidl-cmake	4.6.7-1noble.20260226.001208
ros-jazzy-rosidl-core-generators	0.2.1-1noble.20260412.030913
ros-jazzy-rosidl-core-runtime	0.2.1-1noble.20260412.030912
ros-jazzy-rosidl-default-generators	1.6.0-3noble.20260412.032513
ros-jazzy-rosidl-default-runtime	1.6.0-3noble.20260412.032511
ros-jazzy-rosidl-dynamic-typesupport	0.1.2-3noble.20260226.003402
ros-jazzy-rosidl-dynamic-typesupport-fastrtps	0.1.0-3noble.20260304.002637
ros-jazzy-rosidl-generator-c	4.6.7-1noble.20260412.025459
ros-jazzy-rosidl-generator-cpp	4.6.7-1noble.20260412.025832
ros-jazzy-rosidl-generator-py	0.22.2-1noble.20260412.030620
ros-jazzy-rosidl-generator-rs	0.4.11-1noble.20260412.030734
ros-jazzy-rosidl-generator-type-description	4.6.7-1noble.20260412.025231
ros-jazzy-rosidl-parser	4.6.7-1noble.20260225.230105
ros-jazzy-rosidl-pycommon	4.6.7-1noble.20260226.000402
ros-jazzy-rosidl-runtime-c	4.6.7-1noble.20260226.002400
ros-jazzy-rosidl-runtime-cpp	4.6.7-1noble.20260226.003416
ros-jazzy-rosidl-runtime-py	0.13.1-2noble.20260226.000416
ros-jazzy-rosidl-typesupport-c	3.2.2-1noble.20260412.030231
ros-jazzy-rosidl-typesupport-cpp	3.2.2-1noble.20260412.030737
ros-jazzy-rosidl-typesupport-fastrtps-c	3.6.3-1noble.20260412.030624
ros-jazzy-rosidl-typesupport-fastrtps-cpp	3.6.3-1noble.20260412.030048
ros-jazzy-rosidl-typesupport-interface	4.6.7-1noble.20260225.225451
ros-jazzy-rosidl-typesupport-introspection-c	4.6.7-1noble.20260412.025838
ros-jazzy-rosidl-typesupport-introspection-cpp	4.6.7-1noble.20260412.030123
ros-jazzy-rpyutils	0.4.2-1noble.20260225.142204
ros-jazzy-rqt-action	2.2.1-1noble.20260412.060445
ros-jazzy-rqt-bag	1.5.6-1noble.20260412.063147
ros-jazzy-rqt-bag-plugins	1.5.6-1noble.20260412.071952
ros-jazzy-rqt-common-plugins	1.2.0-4noble.20260412.072437
ros-jazzy-rqt-console	2.2.2-1noble.20260412.053839
ros-jazzy-rqt-graph	1.5.6-1noble.20260412.053847
ros-jazzy-rqt-gui	1.6.3-1noble.20260412.052948
ros-jazzy-rqt-gui-cpp	1.6.3-1noble.20260412.042715
ros-jazzy-rqt-gui-py	1.6.3-1noble.20260412.053546
ros-jazzy-rqt-image-view	1.3.0-2noble.20260412.053350
ros-jazzy-rqt-msg	1.5.2-1noble.20260412.053912
ros-jazzy-rqt-plot	1.4.5-1noble.20260412.053903
ros-jazzy-rqt-publisher	1.7.3-1noble.20260412.053850
ros-jazzy-rqt-py-common	1.6.3-1noble.20260412.042316
ros-jazzy-rqt-py-console	1.2.3-1noble.20260412.053858
ros-jazzy-rqt-reconfigure	1.6.4-1noble.20260412.053918
ros-jazzy-rqt-service-caller	1.2.2-1noble.20260412.063251
ros-jazzy-rqt-shell	1.2.3-1noble.20260412.053911
ros-jazzy-rqt-srv	1.2.3-1noble.20260412.060417
ros-jazzy-rqt-topic	1.7.5-1noble.20260412.060341
ros-jazzy-rsl	1.3.0-1noble.20260412.052851
ros-jazzy-rttest	0.17.1-3noble.20260225.225641
ros-jazzy-ruckig	0.9.2-5noble.20260225.142307
ros-jazzy-rviz-assimp-vendor	14.1.20-2noble.20260225.225641
ros-jazzy-rviz-common	14.1.20-2noble.20260412.044615
ros-jazzy-rviz-default-plugins	14.1.20-2noble.20260412.054746
ros-jazzy-rviz-ogre-vendor	14.1.20-2noble.20260225.225644
ros-jazzy-rviz-rendering	14.1.20-2noble.20260412.025918
ros-jazzy-rviz2	14.1.20-2noble.20260412.070714
ros-jazzy-sdformat-urdf	1.0.2-1noble.20260412.030020
ros-jazzy-sdformat-vendor	0.0.11-1noble.20260226.001417
ros-jazzy-sdl2-vendor	3.3.0-3noble.20260225.225708
ros-jazzy-sensor-msgs	5.3.7-1noble.20260412.034842
ros-jazzy-sensor-msgs-py	5.3.7-1noble.20260412.035802
ros-jazzy-service-msgs	2.0.3-1noble.20260412.031935
ros-jazzy-shape-msgs	5.3.7-1noble.20260412.035632
ros-jazzy-simulation-interfaces	1.5.0-1noble.20260412.034853
ros-jazzy-spdlog-vendor	1.6.1-1noble.20260225.225958
ros-jazzy-sqlite3-vendor	0.26.10-2noble.20260408.222053
ros-jazzy-srdfdom	2.0.7-1noble.20260412.053212
ros-jazzy-sros2	0.13.6-1noble.20260412.042622
ros-jazzy-sros2-cmake	0.13.6-1noble.20260412.053208
ros-jazzy-state-interfaces-broadcaster	4.39.0-1noble.20260412.065246
ros-jazzy-statistics-msgs	2.0.3-1noble.20260412.033131
ros-jazzy-std-msgs	5.3.7-1noble.20260412.033140
ros-jazzy-std-srvs	5.3.7-1noble.20260412.033137
ros-jazzy-steering-controllers-library	4.39.0-1noble.20260412.065256
ros-jazzy-stereo-msgs	5.3.7-1noble.20260412.035620
ros-jazzy-stomp	0.1.2-4noble.20260225.143151
ros-jazzy-tango-icons-vendor	0.3.1-1noble.20260225.230515
ros-jazzy-tcb-span	1.2.0-1noble.20260304.072946
ros-jazzy-teleop-twist-joy	2.6.5-1noble.20260412.052507
ros-jazzy-teleop-twist-keyboard	2.4.1-1noble.20260412.052948
ros-jazzy-tf-transformations	1.1.1-1noble.20260225.142630
ros-jazzy-tf2	0.36.20-1noble.20260412.034858
ros-jazzy-tf2-bullet	0.36.20-1noble.20260412.051516
ros-jazzy-tf2-eigen	0.36.20-1noble.20260412.051518
ros-jazzy-tf2-eigen-kdl	0.36.20-1noble.20260412.040107
ros-jazzy-tf2-geometry-msgs	0.36.20-1noble.20260412.053505
ros-jazzy-tf2-kdl	0.36.20-1noble.20260412.053442
ros-jazzy-tf2-msgs	0.36.20-1noble.20260412.034900
ros-jazzy-tf2-py	0.36.20-1noble.20260412.052955
ros-jazzy-tf2-ros	0.36.20-1noble.20260412.044056
ros-jazzy-tf2-ros-py	0.36.20-1noble.20260412.053403
ros-jazzy-tf2-sensor-msgs	0.36.20-1noble.20260412.053455
ros-jazzy-tf2-tools	0.36.20-1noble.20260412.053524
ros-jazzy-theora-image-transport	4.0.6-1noble.20260412.044142
ros-jazzy-tinyxml2-vendor	0.9.2-1noble.20260225.230621
ros-jazzy-tl-expected	1.2.0-1noble.20260225.230700
ros-jazzy-tlsf	0.9.0-3noble.20260225.230709
ros-jazzy-tlsf-cpp	0.17.1-3noble.20260412.050239
ros-jazzy-topic-monitor	0.33.10-1noble.20260412.043450
ros-jazzy-topic-tools	1.3.3-1noble.20260412.044115
ros-jazzy-topic-tools-interfaces	1.3.3-1noble.20260412.033140
ros-jazzy-tracetools	8.2.5-1noble.20260226.001709
ros-jazzy-trajectory-msgs	5.3.7-1noble.20260412.034949
ros-jazzy-transmission-interface	4.44.0-1noble.20260412.054049
ros-jazzy-tricycle-controller	4.39.0-1noble.20260412.065359
ros-jazzy-tricycle-steering-controller	4.39.0-1noble.20260412.065959
ros-jazzy-turtlesim	1.8.3-1noble.20260412.043332
ros-jazzy-type-description-interfaces	2.0.3-1noble.20260412.032338
ros-jazzy-uncrustify-vendor	3.0.1-1noble.20260225.230730
ros-jazzy-unique-identifier-msgs	2.5.0-3noble.20260412.031407
ros-jazzy-urdf	2.10.0-3noble.20260412.025422
ros-jazzy-urdf-parser-plugin	2.10.0-3noble.20260226.001913
ros-jazzy-urdfdom	4.0.2-1noble.20260225.232653
ros-jazzy-urdfdom-headers	1.1.2-1noble.20260225.142752
ros-jazzy-urdfdom-py	1.2.1-3noble.20260412.042521
ros-jazzy-velocity-controllers	4.39.0-1noble.20260412.065514
ros-jazzy-vision-msgs	4.1.1-3noble.20260412.035702
ros-jazzy-visualization-msgs	5.3.7-1noble.20260412.035359
ros-jazzy-warehouse-ros	2.0.5-1noble.20260412.054120
ros-jazzy-xacro	2.1.1-1noble.20260412.025231
ros-jazzy-yaml-cpp-vendor	9.0.1-1noble.20260225.230938
ros-jazzy-zstd-image-transport	4.0.6-1noble.20260412.065633
ros-jazzy-zstd-vendor	0.26.10-2noble.20260408.222105
rpcsvc-proto	1.4.2-0ubuntu7
rsync	3.2.7-1ubuntu1.5
rsyslog	8.2312.0-3ubuntu9.3
ruby	1:3.2~ubuntu1
ruby-net-telnet	0.2.0-1
ruby-rubygems	3.4.20-1
ruby-sdbm:amd64	1.0.0-5build4
ruby-webrick	1.8.1-1ubuntu0.2
ruby-xmlrpc	0.3.2-2
ruby3.2	3.2.3-1ubuntu0.24.04.8
rubygems-integration	1.18
run-one	1.17-0ubuntu2
sed	4.9-2ubuntu0.24.04.1
sensible-utils	0.0.22
session-migration	0.3.9build1
sgml-base	1.31
shared-mime-info	2.4-4
shiboken2	5.15.13-1
show-motd	3.12
sip-dev	4.19.25+dfsg-5build3
snapd	2.76+ubuntu24.04.1
software-properties-common	0.99.49.1
spirv-headers	1.6.1+1.4.309.0-1~ubuntu0.24.04.2
spirv-tools	2025.1~rc1-1~ubuntu0.24.04.2
squashfs-tools	1:4.6.1-1build1
sudo	1.9.15p5-3ubuntu5.24.04.2
systemd	255.4-1ubuntu8.17
systemd-dev	255.4-1ubuntu8.17
systemd-hwe-hwdb	255.1.4
systemd-resolved	255.4-1ubuntu8.17
systemd-sysv	255.4-1ubuntu8.17
systemd-timesyncd	255.4-1ubuntu8.17
sysvinit-utils	3.08-6ubuntu3
tango-icon-theme	0.8.90-11
tar	1.35+dfsg-3ubuntu0.4
tcl	8.6.14build1
tcl-dev:amd64	8.6.14build1
tcl8.6	8.6.14+dfsg-1build1
tcl8.6-dev:amd64	8.6.14+dfsg-1build1
time	1.9-0.2build1
tk	8.6.14build1
tk-dev:amd64	8.6.14build1
tk8.6	8.6.14-1build1
tk8.6-blt2.5	2.5.3+dfsg-7build1
tk8.6-dev:amd64	8.6.14-1build1
tmux	3.4-1ubuntu0.1
tzdata	2026c-0ubuntu0.24.04.1
ubuntu-keyring	2023.11.28.1
ubuntu-minimal	1.539.1
ubuntu-mono	24.04-0ubuntu1
ubuntu-pro-client	37.2ubuntu~24.04.1
ubuntu-pro-client-l10n	37.2ubuntu~24.04.1
ubuntu-release-upgrader-core	1:24.04.23
ubuntu-wsl	1.539.1
ucf	3.0043+nmu1
udev	255.4-1ubuntu8.17
unattended-upgrades	2.9.1+nmu4ubuntu1
uncrustify	0.78.1+dfsg1-1
unicode-data	15.1.0-1
unixodbc-common	2.3.12-1ubuntu0.24.04.1
unixodbc-dev:amd64	2.3.12-1ubuntu0.24.04.1
unzip	6.0-28ubuntu4.1
update-manager-core	1:24.04.9
update-motd	3.12
usb-modeswitch	2.6.1-3ubuntu3
usb-modeswitch-data	20191128-6
usb.ids	2024.03.18-1
util-linux	2.39.3-9ubuntu6.5
uuid-dev:amd64	2.39.3-9ubuntu6.5
uuid-runtime	2.39.3-9ubuntu6.5
va-driver-all:amd64	2.20.0-2ubuntu0.2
vdpau-driver-all:amd64	1.5-2build1
vim	2:9.1.0016-1ubuntu7.18
vim-common	2:9.1.0016-1ubuntu7.18
vim-runtime	2:9.1.0016-1ubuntu7.18
vim-tiny	2:9.1.0016-1ubuntu7.18
vtk9	9.1.0+really9.1.0+dfsg2-7.1build3
wget	1.21.4-1ubuntu4.4
whiptail	0.52.24-2ubuntu2
wpasupplicant	2:2.10-21ubuntu0.4
wsl-pro-service	0.1.4
wsl-setup	0.5.4~24.04
x11-common	1:7.7+23ubuntu3
x11-utils	7.7+6build2
x11proto-dev	2023.2-1
xauth	1:1.1.2-1build1
xdg-user-dirs	0.18-1build1
xkb-data	2.41-2ubuntu1.1
xml-core	0.19
xorg-sgml-doctools	1:1.11-1.1
xtrans-dev	1.4.0-1
xxd	2:9.1.0016-1ubuntu7.18
xz-utils	5.6.1+really5.4.5-1ubuntu0.3
zip	3.0-13ubuntu0.2
zlib1g:amd64	1:1.3.dfsg-3.1ubuntu2.1
zlib1g-dev:amd64	1:1.3.dfsg-3.1ubuntu2.1
