"Original","Destination","Type","SizeBytes","Modified"
"dynamic_candidate_prevalidation_final_smoke_logs","artifacts\archive\dynamic\dynamic_candidate_prevalidation_final_smoke_logs","directory","545508","2026-08-15T21:07:37"
"dynamic_candidate_prevalidation_final_smoke.csv","artifacts\archive\dynamic\dynamic_candidate_prevalidation_final_smoke.csv","file","1246","2026-08-15T21:09:50"
"dynamic_candidate_prevalidation_final_smoke.md","artifacts\archive\dynamic\dynamic_candidate_prevalidation_final_smoke.md","file","1641","2026-08-15T21:09:50"
"dynamic_candidate_prevalidation_final_smoke.svg","artifacts\archive\dynamic\dynamic_candidate_prevalidation_final_smoke.svg","file","1994","2026-08-15T21:09:50"
"dynamic_candidate_prevalidation_gate_smoke_logs","artifacts\archive\dynamic\dynamic_candidate_prevalidation_gate_smoke_logs","directory","167767","2026-08-15T20:45:45"
"dynamic_candidate_prevalidation_gate_smoke.csv","artifacts\archive\dynamic\dynamic_candidate_prevalidation_gate_smoke.csv","file","696","2026-08-15T20:47:16"
"dynamic_candidate_prevalidation_gate_smoke.md","artifacts\archive\dynamic\dynamic_candidate_prevalidation_gate_smoke.md","file","1219","2026-08-15T20:47:16"
"dynamic_candidate_prevalidation_gate_smoke.svg","artifacts\archive\dynamic\dynamic_candidate_prevalidation_gate_smoke.svg","file","1318","2026-08-15T20:47:16"
"dynamic_candidate_prevalidation_smoke_logs","artifacts\archive\dynamic\dynamic_candidate_prevalidation_smoke_logs","directory","249410","2026-08-15T20:23:59"
"dynamic_candidate_prevalidation_smoke_v2_logs","artifacts\archive\dynamic\dynamic_candidate_prevalidation_smoke_v2_logs","directory","515214","2026-08-15T20:31:28"
"dynamic_candidate_prevalidation_smoke_v2.csv","artifacts\archive\dynamic\dynamic_candidate_prevalidation_smoke_v2.csv","file","1230","2026-08-15T20:35:43"
"dynamic_candidate_prevalidation_smoke_v2.md","artifacts\archive\dynamic\dynamic_candidate_prevalidation_smoke_v2.md","file","1534","2026-08-15T20:35:43"
"dynamic_candidate_prevalidation_smoke_v2.svg","artifacts\archive\dynamic\dynamic_candidate_prevalidation_smoke_v2.svg","file","1998","2026-08-15T20:35:43"
"dynamic_candidate_prevalidation_smoke_v3_logs","artifacts\archive\dynamic\dynamic_candidate_prevalidation_smoke_v3_logs","directory","268855","2026-08-15T20:41:48"
"dynamic_candidate_prevalidation_smoke_v3.csv","artifacts\archive\dynamic\dynamic_candidate_prevalidation_smoke_v3.csv","file","1987","2026-08-15T20:43:11"
"dynamic_candidate_prevalidation_smoke_v3.md","artifacts\archive\dynamic\dynamic_candidate_prevalidation_smoke_v3.md","file","2081","2026-08-15T20:43:11"
"dynamic_candidate_prevalidation_smoke_v3.svg","artifacts\archive\dynamic\dynamic_candidate_prevalidation_smoke_v3.svg","file","1986","2026-08-15T20:43:11"
"dynamic_candidate_prevalidation_smoke_v4_logs","artifacts\archive\dynamic\dynamic_candidate_prevalidation_smoke_v4_logs","directory","423736","2026-08-15T20:50:58"
"dynamic_candidate_prevalidation_smoke_v4.csv","artifacts\archive\dynamic\dynamic_candidate_prevalidation_smoke_v4.csv","file","1447","2026-08-15T20:56:15"
"dynamic_candidate_prevalidation_smoke_v4.md","artifacts\archive\dynamic\dynamic_candidate_prevalidation_smoke_v4.md","file","1855","2026-08-15T20:56:15"
"dynamic_candidate_prevalidation_smoke_v4.svg","artifacts\archive\dynamic\dynamic_candidate_prevalidation_smoke_v4.svg","file","1994","2026-08-15T20:56:15"
"dynamic_candidate_prevalidation_smoke.csv","artifacts\archive\dynamic\dynamic_candidate_prevalidation_smoke.csv","file","1744","2026-08-15T20:25:02"
"dynamic_candidate_prevalidation_smoke.md","artifacts\archive\dynamic\dynamic_candidate_prevalidation_smoke.md","file","2076","2026-08-15T20:25:02"
"dynamic_candidate_prevalidation_smoke.svg","artifacts\archive\dynamic\dynamic_candidate_prevalidation_smoke.svg","file","1986","2026-08-15T20:25:02"
"dynamic_delayed_retest_logs","artifacts\archive\dynamic\dynamic_delayed_retest_logs","directory","1055009","2026-08-13T22:01:41"
"dynamic_delayed_retest.csv","artifacts\archive\dynamic\dynamic_delayed_retest.csv","file","3102","2026-08-09T16:41:17"
"dynamic_delayed_retest.md","artifacts\archive\dynamic\dynamic_delayed_retest.md","file","1760","2026-08-09T16:41:17"
"dynamic_delayed_retest.svg","artifacts\archive\dynamic\dynamic_delayed_retest.svg","file","2005","2026-08-09T16:41:17"
"dynamic_equivalent_grasp_smoke_logs","artifacts\archive\dynamic\dynamic_equivalent_grasp_smoke_logs","directory","410633","2026-08-13T22:01:41"
"dynamic_equivalent_grasp_smoke_v2_logs","artifacts\archive\dynamic\dynamic_equivalent_grasp_smoke_v2_logs","directory","404554","2026-08-13T22:01:41"
"dynamic_equivalent_grasp_smoke_v2.csv","artifacts\archive\dynamic\dynamic_equivalent_grasp_smoke_v2.csv","file","1291","2026-08-09T21:17:33"
"dynamic_equivalent_grasp_smoke_v2.md","artifacts\archive\dynamic\dynamic_equivalent_grasp_smoke_v2.md","file","1572","2026-08-09T21:17:33"
"dynamic_equivalent_grasp_smoke_v2.svg","artifacts\archive\dynamic\dynamic_equivalent_grasp_smoke_v2.svg","file","1998","2026-08-09T21:17:33"
"dynamic_equivalent_grasp_smoke.csv","artifacts\archive\dynamic\dynamic_equivalent_grasp_smoke.csv","file","1284","2026-08-09T21:05:15"
"dynamic_equivalent_grasp_smoke.md","artifacts\archive\dynamic\dynamic_equivalent_grasp_smoke.md","file","1546","2026-08-09T21:05:15"
"dynamic_equivalent_grasp_smoke.svg","artifacts\archive\dynamic\dynamic_equivalent_grasp_smoke.svg","file","1998","2026-08-09T21:05:15"
"dynamic_fast_alignment_smoke_logs","artifacts\archive\dynamic\dynamic_fast_alignment_smoke_logs","directory","353419","2026-08-13T22:01:41"
"dynamic_fast_alignment_smoke.csv","artifacts\archive\dynamic\dynamic_fast_alignment_smoke.csv","file","1282","2026-08-09T18:41:26"
"dynamic_fast_alignment_smoke.md","artifacts\archive\dynamic\dynamic_fast_alignment_smoke.md","file","1546","2026-08-09T18:41:26"
"dynamic_fast_alignment_smoke.svg","artifacts\archive\dynamic\dynamic_fast_alignment_smoke.svg","file","1998","2026-08-09T18:41:26"
"dynamic_fast_final_smoke_logs","artifacts\archive\dynamic\dynamic_fast_final_smoke_logs","directory","367418","2026-08-13T22:01:41"
"dynamic_fast_final_smoke.csv","artifacts\archive\dynamic\dynamic_fast_final_smoke.csv","file","1247","2026-08-09T18:51:06"
"dynamic_fast_final_smoke.md","artifacts\archive\dynamic\dynamic_fast_final_smoke.md","file","1602","2026-08-09T18:51:06"
"dynamic_fast_final_smoke.svg","artifacts\archive\dynamic\dynamic_fast_final_smoke.svg","file","1994","2026-08-09T18:51:06"
"dynamic_fast_prefix_smoke_logs","artifacts\archive\dynamic\dynamic_fast_prefix_smoke_logs","directory","339978","2026-08-13T22:01:41"
"dynamic_fast_prefix_smoke.csv","artifacts\archive\dynamic\dynamic_fast_prefix_smoke.csv","file","1236","2026-08-09T18:30:21"
"dynamic_fast_prefix_smoke.md","artifacts\archive\dynamic\dynamic_fast_prefix_smoke.md","file","1525","2026-08-09T18:30:21"
"dynamic_fast_prefix_smoke.svg","artifacts\archive\dynamic\dynamic_fast_prefix_smoke.svg","file","1994","2026-08-09T18:30:21"
"dynamic_fast_recovery_final_logs","artifacts\archive\dynamic\dynamic_fast_recovery_final_logs","directory","1070102","2026-08-13T22:01:41"
"dynamic_fast_recovery_final.csv","artifacts\archive\dynamic\dynamic_fast_recovery_final.csv","file","3115","2026-08-09T19:20:14"
"dynamic_fast_recovery_final.md","artifacts\archive\dynamic\dynamic_fast_recovery_final.md","file","1759","2026-08-09T19:20:14"
"dynamic_fast_recovery_final.svg","artifacts\archive\dynamic\dynamic_fast_recovery_final.svg","file","2002","2026-08-09T19:20:14"
"dynamic_fast_recovery_retest_logs","artifacts\archive\dynamic\dynamic_fast_recovery_retest_logs","directory","1114033","2026-08-13T22:01:41"
"dynamic_fast_recovery_retest.csv","artifacts\archive\dynamic\dynamic_fast_recovery_retest.csv","file","3166","2026-08-09T17:41:56"
"dynamic_fast_recovery_retest.md","artifacts\archive\dynamic\dynamic_fast_recovery_retest.md","file","1692","2026-08-09T17:41:56"
"dynamic_fast_recovery_retest.svg","artifacts\archive\dynamic\dynamic_fast_recovery_retest.svg","file","2002","2026-08-09T17:41:56"
"dynamic_fast_smoke_logs","artifacts\archive\dynamic\dynamic_fast_smoke_logs","directory","127412","2026-08-13T22:01:41"
"dynamic_fast_smoke.csv","artifacts\archive\dynamic\dynamic_fast_smoke.csv","file","704","2026-08-09T13:28:59"
"dynamic_fast_smoke.md","artifacts\archive\dynamic\dynamic_fast_smoke.md","file","1043","2026-08-09T13:28:59"
"dynamic_fast_smoke.svg","artifacts\archive\dynamic\dynamic_fast_smoke.svg","file","1165","2026-08-09T13:28:59"
"dynamic_fast_tight_orientation_smoke_logs","artifacts\archive\dynamic\dynamic_fast_tight_orientation_smoke_logs","directory","395241","2026-08-13T22:01:41"
"dynamic_fast_tight_orientation_smoke.csv","artifacts\archive\dynamic\dynamic_fast_tight_orientation_smoke.csv","file","1296","2026-08-09T19:01:59"
"dynamic_fast_tight_orientation_smoke.md","artifacts\archive\dynamic\dynamic_fast_tight_orientation_smoke.md","file","1437","2026-08-09T19:01:59"
"dynamic_fast_tight_orientation_smoke.svg","artifacts\archive\dynamic\dynamic_fast_tight_orientation_smoke.svg","file","2002","2026-08-09T19:01:59"
"dynamic_fast_timing_retest_logs","artifacts\archive\dynamic\dynamic_fast_timing_retest_logs","directory","1056549","2026-08-13T22:01:41"
"dynamic_fast_timing_retest.csv","artifacts\archive\dynamic\dynamic_fast_timing_retest.csv","file","2985","2026-08-09T18:17:56"
"dynamic_fast_timing_retest.md","artifacts\archive\dynamic\dynamic_fast_timing_retest.md","file","1773","2026-08-09T18:17:56"
"dynamic_fast_timing_retest.svg","artifacts\archive\dynamic\dynamic_fast_timing_retest.svg","file","2002","2026-08-09T18:17:56"
"dynamic_hybrid_recovery_matrix_logs","artifacts\archive\dynamic\dynamic_hybrid_recovery_matrix_logs","directory","409307","2026-08-13T22:01:41"
"dynamic_hybrid_recovery_matrix_v2_logs","artifacts\archive\dynamic\dynamic_hybrid_recovery_matrix_v2_logs","directory","1426278","2026-08-13T22:01:41"
"dynamic_hybrid_recovery_matrix_v2.csv","artifacts\archive\dynamic\dynamic_hybrid_recovery_matrix_v2.csv","file","3168","2026-08-09T22:41:48"
"dynamic_hybrid_recovery_matrix_v2.md","artifacts\archive\dynamic\dynamic_hybrid_recovery_matrix_v2.md","file","1690","2026-08-09T22:41:48"
"dynamic_hybrid_recovery_matrix_v2.svg","artifacts\archive\dynamic\dynamic_hybrid_recovery_matrix_v2.svg","file","2002","2026-08-09T22:41:48"
"dynamic_hybrid_recovery_smoke_logs","artifacts\archive\dynamic\dynamic_hybrid_recovery_smoke_logs","directory","405418","2026-08-13T22:01:41"
"dynamic_hybrid_recovery_smoke_v2_logs","artifacts\archive\dynamic\dynamic_hybrid_recovery_smoke_v2_logs","directory","447064","2026-08-13T22:01:41"
"dynamic_hybrid_recovery_smoke_v2.csv","artifacts\archive\dynamic\dynamic_hybrid_recovery_smoke_v2.csv","file","1247","2026-08-09T22:07:23"
"dynamic_hybrid_recovery_smoke_v2.md","artifacts\archive\dynamic\dynamic_hybrid_recovery_smoke_v2.md","file","1604","2026-08-09T22:07:23"
"dynamic_hybrid_recovery_smoke_v2.svg","artifacts\archive\dynamic\dynamic_hybrid_recovery_smoke_v2.svg","file","1994","2026-08-09T22:07:23"
"dynamic_hybrid_recovery_smoke_v3_logs","artifacts\archive\dynamic\dynamic_hybrid_recovery_smoke_v3_logs","directory","479837","2026-08-13T22:01:41"
"dynamic_hybrid_recovery_smoke_v3.csv","artifacts\archive\dynamic\dynamic_hybrid_recovery_smoke_v3.csv","file","1313","2026-08-09T22:21:33"
"dynamic_hybrid_recovery_smoke_v3.md","artifacts\archive\dynamic\dynamic_hybrid_recovery_smoke_v3.md","file","1436","2026-08-09T22:21:33"
"dynamic_hybrid_recovery_smoke_v3.svg","artifacts\archive\dynamic\dynamic_hybrid_recovery_smoke_v3.svg","file","2002","2026-08-09T22:21:33"
"dynamic_hybrid_recovery_smoke.csv","artifacts\archive\dynamic\dynamic_hybrid_recovery_smoke.csv","file","1298","2026-08-09T21:40:23"
"dynamic_hybrid_recovery_smoke.md","artifacts\archive\dynamic\dynamic_hybrid_recovery_smoke.md","file","1437","2026-08-09T21:40:23"
"dynamic_hybrid_recovery_smoke.svg","artifacts\archive\dynamic\dynamic_hybrid_recovery_smoke.svg","file","2002","2026-08-09T21:40:23"
"dynamic_live_tracking_smoke_logs","artifacts\archive\dynamic\dynamic_live_tracking_smoke_logs","directory","452027","2026-08-13T22:01:41"
"dynamic_obstacle_moving_smoke.log","artifacts\archive\dynamic\dynamic_obstacle_moving_smoke.log","file","26901","2026-08-09T10:25:28"
"dynamic_obstacle_perception_smoke.log","artifacts\archive\dynamic\dynamic_obstacle_perception_smoke.log","file","24261","2026-08-09T10:17:13"
"dynamic_obstacle_static_smoke.log","artifacts\archive\dynamic\dynamic_obstacle_static_smoke.log","file","23477","2026-08-09T10:20:00"
"dynamic_planner_smoke_logs","artifacts\archive\dynamic\dynamic_planner_smoke_logs","directory","343067","2026-08-13T22:01:41"
"dynamic_planner_smoke.csv","artifacts\archive\dynamic\dynamic_planner_smoke.csv","file","1117","2026-08-09T13:51:04"
"dynamic_planner_smoke.md","artifacts\archive\dynamic\dynamic_planner_smoke.md","file","1354","2026-08-09T13:51:04"
"dynamic_planner_smoke.svg","artifacts\archive\dynamic\dynamic_planner_smoke.svg","file","1676","2026-08-09T13:51:04"
"dynamic_predictive_planner_smoke_logs","artifacts\archive\dynamic\dynamic_predictive_planner_smoke_logs","directory","409608","2026-08-15T21:50:10"
"dynamic_predictive_planner_smoke.csv","artifacts\archive\dynamic\dynamic_predictive_planner_smoke.csv","file","1533","2026-08-15T21:54:20"
"dynamic_predictive_planner_smoke.md","artifacts\archive\dynamic\dynamic_predictive_planner_smoke.md","file","1561","2026-08-15T21:54:20"
"dynamic_predictive_planner_smoke.svg","artifacts\archive\dynamic\dynamic_predictive_planner_smoke.svg","file","2002","2026-08-15T21:54:20"
"dynamic_predictive_rrtconnect_3_logs","artifacts\archive\dynamic\dynamic_predictive_rrtconnect_3_logs","directory","397443","2026-08-15T21:36:17"
"dynamic_predictive_rrtconnect_3_v2_logs","artifacts\archive\dynamic\dynamic_predictive_rrtconnect_3_v2_logs","directory","408621","2026-08-15T21:45:30"
"dynamic_predictive_rrtconnect_3_v2.csv","artifacts\archive\dynamic\dynamic_predictive_rrtconnect_3_v2.csv","file","1490","2026-08-15T21:54:20"
"dynamic_predictive_rrtconnect_3_v2.md","artifacts\archive\dynamic\dynamic_predictive_rrtconnect_3_v2.md","file","1325","2026-08-15T21:54:20"
"dynamic_predictive_rrtconnect_3_v2.svg","artifacts\archive\dynamic\dynamic_predictive_rrtconnect_3_v2.svg","file","1318","2026-08-15T21:54:20"
"dynamic_predictive_rrtconnect_3.csv","artifacts\archive\dynamic\dynamic_predictive_rrtconnect_3.csv","file","1306","2026-08-15T21:39:53"
"dynamic_predictive_rrtconnect_3.md","artifacts\archive\dynamic\dynamic_predictive_rrtconnect_3.md","file","1372","2026-08-15T21:39:53"
"dynamic_predictive_rrtconnect_3.svg","artifacts\archive\dynamic\dynamic_predictive_rrtconnect_3.svg","file","1314","2026-08-15T21:39:53"
"dynamic_predictive_smoke.log","artifacts\archive\dynamic\dynamic_predictive_smoke.log","file","138229","2026-08-15T21:28:14"
"dynamic_prm_smoke_logs","artifacts\archive\dynamic\dynamic_prm_smoke_logs","directory","130729","2026-08-13T22:01:41"
"dynamic_prm_smoke.csv","artifacts\archive\dynamic\dynamic_prm_smoke.csv","file","683","2026-08-09T14:40:23"
"dynamic_prm_smoke.md","artifacts\archive\dynamic\dynamic_prm_smoke.md","file","1035","2026-08-09T14:40:23"
"dynamic_prm_smoke.svg","artifacts\archive\dynamic\dynamic_prm_smoke.svg","file","1158","2026-08-09T14:40:23"
"dynamic_recovery_final_smoke_logs","artifacts\archive\dynamic\dynamic_recovery_final_smoke_logs","directory","438447","2026-08-14T23:00:38"
"dynamic_replanning_benchmark_logs","artifacts\archive\dynamic\dynamic_replanning_benchmark_logs","directory","375523","2026-08-13T22:01:41"
"dynamic_replanning_benchmark.csv","artifacts\archive\dynamic\dynamic_replanning_benchmark.csv","file","641","2026-08-09T11:50:02"
"dynamic_replanning_benchmark.md","artifacts\archive\dynamic\dynamic_replanning_benchmark.md","file","408","2026-08-09T11:50:02"
"dynamic_replanning_matrix_logs","artifacts\archive\dynamic\dynamic_replanning_matrix_logs","directory","3376983","2026-08-13T22:01:41"
"dynamic_replanning_matrix.csv","artifacts\archive\dynamic\dynamic_replanning_matrix.csv","file","8462","2026-08-09T16:24:04"
"dynamic_replanning_matrix.md","artifacts\archive\dynamic\dynamic_replanning_matrix.md","file","2115","2026-08-09T16:24:04"
"dynamic_replanning_matrix.svg","artifacts\archive\dynamic\dynamic_replanning_matrix.svg","file","2677","2026-08-09T16:24:04"
"dynamic_replanning_smoke.log","artifacts\archive\dynamic\dynamic_replanning_smoke.log","file","134980","2026-08-09T11:42:10"
"dynamic_replanning_visual.log","artifacts\archive\dynamic\dynamic_replanning_visual.log","file","148757","2026-08-09T11:54:16"
"dynamic_rrtconnect_smoke_logs","artifacts\archive\dynamic\dynamic_rrtconnect_smoke_logs","directory","124649","2026-08-13T22:01:41"
"dynamic_rrtconnect_smoke.csv","artifacts\archive\dynamic\dynamic_rrtconnect_smoke.csv","file","694","2026-08-09T14:43:21"
"dynamic_rrtconnect_smoke.md","artifacts\archive\dynamic\dynamic_rrtconnect_smoke.md","file","1043","2026-08-09T14:43:21"
"dynamic_rrtconnect_smoke.svg","artifacts\archive\dynamic\dynamic_rrtconnect_smoke.svg","file","1165","2026-08-09T14:43:21"
"dynamic_rrtstar_recovery_retest_logs","artifacts\archive\dynamic\dynamic_rrtstar_recovery_retest_logs","directory","406907","2026-08-13T22:01:41"
"dynamic_rrtstar_recovery_retest.csv","artifacts\archive\dynamic\dynamic_rrtstar_recovery_retest.csv","file","1281","2026-08-09T19:36:57"
"dynamic_rrtstar_recovery_retest.md","artifacts\archive\dynamic\dynamic_rrtstar_recovery_retest.md","file","1324","2026-08-09T19:36:57"
"dynamic_rrtstar_recovery_retest.svg","artifacts\archive\dynamic\dynamic_rrtstar_recovery_retest.svg","file","1315","2026-08-09T19:36:57"
"dynamic_scenario_smoke_logs","artifacts\archive\dynamic\dynamic_scenario_smoke_logs","directory","376613","2026-08-13T22:01:41"
"dynamic_scenario_smoke.csv","artifacts\archive\dynamic\dynamic_scenario_smoke.csv","file","1217","2026-08-09T13:17:57"
"dynamic_scenario_smoke.md","artifacts\archive\dynamic\dynamic_scenario_smoke.md","file","1241","2026-08-09T13:17:57"
"dynamic_scenario_smoke.svg","artifacts\archive\dynamic\dynamic_scenario_smoke.svg","file","1671","2026-08-09T13:17:57"
"dynamic_strict_recovery_smoke_logs","artifacts\archive\dynamic\dynamic_strict_recovery_smoke_logs","directory","517819","2026-08-13T22:01:41"
"dynamic_strict_recovery_smoke.csv","artifacts\archive\dynamic\dynamic_strict_recovery_smoke.csv","file","1324","2026-08-09T23:01:32"
"dynamic_strict_recovery_smoke.md","artifacts\archive\dynamic\dynamic_strict_recovery_smoke.md","file","1567","2026-08-09T23:01:32"
"dynamic_strict_recovery_smoke.svg","artifacts\archive\dynamic\dynamic_strict_recovery_smoke.svg","file","1998","2026-08-09T23:01:32"
"gazebo_benchmark_logs","artifacts\archive\gazebo\gazebo_benchmark_logs","directory","416856","2026-08-13T22:01:41"
"gazebo_camera_bias_smoke_logs","artifacts\archive\gazebo\gazebo_camera_bias_smoke_logs","directory","142711","2026-08-13T22:01:41"
"gazebo_camera_bias_smoke.csv","artifacts\archive\gazebo\gazebo_camera_bias_smoke.csv","file","1238","2026-07-26T21:28:20"
"gazebo_camera_bias_smoke.md","artifacts\archive\gazebo\gazebo_camera_bias_smoke.md","file","1767","2026-07-26T21:28:20"
"gazebo_camera_bias_smoke.svg","artifacts\archive\gazebo\gazebo_camera_bias_smoke.svg","file","3796","2026-07-26T21:28:20"
"gazebo_camera_calibrated_smoke_logs","artifacts\archive\gazebo\gazebo_camera_calibrated_smoke_logs","directory","114354","2026-08-13T22:01:41"
"gazebo_camera_calibrated_smoke.csv","artifacts\archive\gazebo\gazebo_camera_calibrated_smoke.csv","file","1250","2026-07-26T21:39:58"
"gazebo_camera_calibrated_smoke.md","artifacts\archive\gazebo\gazebo_camera_calibrated_smoke.md","file","1656","2026-07-26T21:39:58"
"gazebo_camera_calibrated_smoke.svg","artifacts\archive\gazebo\gazebo_camera_calibrated_smoke.svg","file","3806","2026-07-26T21:39:58"
"gazebo_camera_resolution_smoke_logs","artifacts\archive\gazebo\gazebo_camera_resolution_smoke_logs","directory","44013","2026-08-13T22:01:41"
"gazebo_camera_resolution_smoke_retry_logs","artifacts\archive\gazebo\gazebo_camera_resolution_smoke_retry_logs","directory","43328","2026-08-13T22:01:42"
"gazebo_camera_resolution_smoke_retry.csv","artifacts\archive\gazebo\gazebo_camera_resolution_smoke_retry.csv","file","871","2026-07-26T21:25:41"
"gazebo_camera_resolution_smoke_retry.md","artifacts\archive\gazebo\gazebo_camera_resolution_smoke_retry.md","file","1609","2026-07-26T21:25:41"
"gazebo_camera_resolution_smoke_retry.svg","artifacts\archive\gazebo\gazebo_camera_resolution_smoke_retry.svg","file","3797","2026-07-26T21:25:41"
"gazebo_camera_resolution_smoke.csv","artifacts\archive\gazebo\gazebo_camera_resolution_smoke.csv","file","934","2026-07-26T21:22:20"
"gazebo_camera_resolution_smoke.md","artifacts\archive\gazebo\gazebo_camera_resolution_smoke.md","file","1644","2026-07-26T21:22:20"
"gazebo_camera_resolution_smoke.svg","artifacts\archive\gazebo\gazebo_camera_resolution_smoke.svg","file","3793","2026-07-26T21:22:20"
"gazebo_camera_retry_optimized_logs","artifacts\archive\gazebo\gazebo_camera_retry_optimized_logs","directory","103049","2026-08-13T22:01:42"
"gazebo_camera_retry_optimized.csv","artifacts\archive\gazebo\gazebo_camera_retry_optimized.csv","file","1230","2026-08-08T13:41:25"
"gazebo_camera_retry_optimized.md","artifacts\archive\gazebo\gazebo_camera_retry_optimized.md","file","1634","2026-08-08T13:41:25"
"gazebo_camera_retry_optimized.svg","artifacts\archive\gazebo\gazebo_camera_retry_optimized.svg","file","3823","2026-08-08T13:41:25"
"gazebo_camera_subpixel_smoke_logs","artifacts\archive\gazebo\gazebo_camera_subpixel_smoke_logs","directory","36467","2026-08-13T22:01:42"
"gazebo_camera_subpixel_smoke.csv","artifacts\archive\gazebo\gazebo_camera_subpixel_smoke.csv","file","901","2026-07-26T21:26:44"
"gazebo_camera_subpixel_smoke.md","artifacts\archive\gazebo\gazebo_camera_subpixel_smoke.md","file","1637","2026-07-26T21:26:44"
"gazebo_camera_subpixel_smoke.svg","artifacts\archive\gazebo\gazebo_camera_subpixel_smoke.svg","file","3796","2026-07-26T21:26:44"
"gazebo_camera_visual_logs","artifacts\archive\gazebo\gazebo_camera_visual_logs","directory","148371","2026-08-13T22:01:42"
"gazebo_camera_visual_optimized_logs","artifacts\archive\gazebo\gazebo_camera_visual_optimized_logs","directory","107941","2026-08-13T22:01:42"
"gazebo_camera_visual_optimized.csv","artifacts\archive\gazebo\gazebo_camera_visual_optimized.csv","file","1235","2026-08-08T14:54:22"
"gazebo_camera_visual_optimized.md","artifacts\archive\gazebo\gazebo_camera_visual_optimized.md","file","1654","2026-08-08T14:54:22"
"gazebo_camera_visual_optimized.svg","artifacts\archive\gazebo\gazebo_camera_visual_optimized.svg","file","3807","2026-08-08T14:54:22"
"gazebo_camera_visual.csv","artifacts\archive\gazebo\gazebo_camera_visual.csv","file","1245","2026-08-08T13:22:21"
"gazebo_camera_visual.md","artifacts\archive\gazebo\gazebo_camera_visual.md","file","1654","2026-08-08T13:22:21"
"gazebo_camera_visual.svg","artifacts\archive\gazebo\gazebo_camera_visual.svg","file","3807","2026-08-08T13:22:21"
"gazebo_combined_contact_smoke_logs","artifacts\archive\gazebo\gazebo_combined_contact_smoke_logs","directory","164284","2026-08-13T22:01:42"
"gazebo_combined_contact_smoke.csv","artifacts\archive\gazebo\gazebo_combined_contact_smoke.csv","file","1284","2026-08-08T16:48:02"
"gazebo_combined_contact_smoke.md","artifacts\archive\gazebo\gazebo_combined_contact_smoke.md","file","1784","2026-08-08T16:48:02"
"gazebo_combined_contact_smoke.svg","artifacts\archive\gazebo\gazebo_combined_contact_smoke.svg","file","3807","2026-08-08T16:48:02"
"gazebo_combined_negative_adaptive_logs","artifacts\archive\gazebo\gazebo_combined_negative_adaptive_logs","directory","395046","2026-08-13T22:01:42"
"gazebo_combined_negative_adaptive.csv","artifacts\archive\gazebo\gazebo_combined_negative_adaptive.csv","file","2403","2026-08-08T15:51:43"
"gazebo_combined_negative_adaptive.md","artifacts\archive\gazebo\gazebo_combined_negative_adaptive.md","file","1933","2026-08-08T15:51:43"
"gazebo_combined_negative_adaptive.svg","artifacts\archive\gazebo\gazebo_combined_negative_adaptive.svg","file","3803","2026-08-08T15:51:43"
"gazebo_combined_negative_contact_servo_logs","artifacts\archive\gazebo\gazebo_combined_negative_contact_servo_logs","directory","401203","2026-08-13T22:01:42"
"gazebo_combined_negative_contact_servo.csv","artifacts\archive\gazebo\gazebo_combined_negative_contact_servo.csv","file","2428","2026-08-08T16:26:00"
"gazebo_combined_negative_contact_servo.md","artifacts\archive\gazebo\gazebo_combined_negative_contact_servo.md","file","1931","2026-08-08T16:26:00"
"gazebo_combined_negative_contact_servo.svg","artifacts\archive\gazebo\gazebo_combined_negative_contact_servo.svg","file","3804","2026-08-08T16:26:00"
"gazebo_combined_negative_corrected_logs","artifacts\archive\gazebo\gazebo_combined_negative_corrected_logs","directory","431937","2026-08-13T22:01:42"
"gazebo_combined_negative_corrected.csv","artifacts\archive\gazebo\gazebo_combined_negative_corrected.csv","file","2416","2026-08-08T15:59:59"
"gazebo_combined_negative_corrected.md","artifacts\archive\gazebo\gazebo_combined_negative_corrected.md","file","1934","2026-08-08T15:59:59"
"gazebo_combined_negative_corrected.svg","artifacts\archive\gazebo\gazebo_combined_negative_corrected.svg","file","3803","2026-08-08T15:59:59"
"gazebo_combined_negative_dual_finger_logs","artifacts\archive\gazebo\gazebo_combined_negative_dual_finger_logs","directory","330319","2026-08-13T22:01:42"
"gazebo_combined_negative_dual_finger.csv","artifacts\archive\gazebo\gazebo_combined_negative_dual_finger.csv","file","2673","2026-08-08T16:14:08"
"gazebo_combined_negative_dual_finger.md","artifacts\archive\gazebo\gazebo_combined_negative_dual_finger.md","file","2265","2026-08-08T16:14:08"
"gazebo_combined_negative_dual_finger.svg","artifacts\archive\gazebo\gazebo_combined_negative_dual_finger.svg","file","3803","2026-08-08T16:14:08"
"gazebo_combined_negative_repeat_logs","artifacts\archive\gazebo\gazebo_combined_negative_repeat_logs","directory","415214","2026-08-13T22:01:42"
"gazebo_combined_negative_repeat.csv","artifacts\archive\gazebo\gazebo_combined_negative_repeat.csv","file","2423","2026-08-08T15:44:26"
"gazebo_combined_negative_repeat.md","artifacts\archive\gazebo\gazebo_combined_negative_repeat.md","file","1936","2026-08-08T15:44:26"
"gazebo_combined_negative_repeat.svg","artifacts\archive\gazebo\gazebo_combined_negative_repeat.svg","file","3804","2026-08-08T15:44:26"
"gazebo_combined_negative_slow_contact_logs","artifacts\archive\gazebo\gazebo_combined_negative_slow_contact_logs","directory","187939","2026-08-13T22:01:42"
"gazebo_combined_negative_slow_contact.csv","artifacts\archive\gazebo\gazebo_combined_negative_slow_contact.csv","file","1826","2026-08-08T16:40:21"
"gazebo_combined_negative_slow_contact.md","artifacts\archive\gazebo\gazebo_combined_negative_slow_contact.md","file","1641","2026-08-08T16:40:21"
"gazebo_combined_negative_slow_contact.svg","artifacts\archive\gazebo\gazebo_combined_negative_slow_contact.svg","file","3796","2026-08-08T16:40:21"
"gazebo_combined_smoke_final_logs","artifacts\archive\gazebo\gazebo_combined_smoke_final_logs","directory","440450","2026-08-13T22:01:42"
"gazebo_combined_smoke_final.csv","artifacts\archive\gazebo\gazebo_combined_smoke_final.csv","file","2454","2026-08-08T16:53:56"
"gazebo_combined_smoke_final.md","artifacts\archive\gazebo\gazebo_combined_smoke_final.md","file","1962","2026-08-08T16:53:56"
"gazebo_combined_smoke_final.svg","artifacts\archive\gazebo\gazebo_combined_smoke_final.svg","file","3807","2026-08-08T16:53:56"
"gazebo_combined_smoke_logs","artifacts\archive\gazebo\gazebo_combined_smoke_logs","directory","368326","2026-08-13T22:01:42"
"gazebo_combined_smoke.csv","artifacts\archive\gazebo\gazebo_combined_smoke.csv","file","2447","2026-08-08T15:36:52"
"gazebo_combined_smoke.md","artifacts\archive\gazebo\gazebo_combined_smoke.md","file","2112","2026-08-08T15:36:52"
"gazebo_combined_smoke.svg","artifacts\archive\gazebo\gazebo_combined_smoke.svg","file","3804","2026-08-08T15:36:52"
"gazebo_combined_visual_logs","artifacts\archive\gazebo\gazebo_combined_visual_logs","directory","144849","2026-08-13T22:01:42"
"gazebo_combined_visual.csv","artifacts\archive\gazebo\gazebo_combined_visual.csv","file","1311","2026-08-08T15:27:33"
"gazebo_combined_visual.md","artifacts\archive\gazebo\gazebo_combined_visual.md","file","1785","2026-08-08T15:27:33"
"gazebo_combined_visual.svg","artifacts\archive\gazebo\gazebo_combined_visual.svg","file","3807","2026-08-08T15:27:33"
"gazebo_obstacle_30_trials_logs","artifacts\archive\gazebo\gazebo_obstacle_30_trials_logs","directory","3931593","2026-08-13T22:01:42"
"gazebo_obstacle_30_trials.csv","artifacts\archive\gazebo\gazebo_obstacle_30_trials.csv","file","12270","2026-07-26T13:23:12"
"gazebo_obstacle_30_trials.md","artifacts\archive\gazebo\gazebo_obstacle_30_trials.md","file","1623","2026-07-26T13:23:12"
"gazebo_obstacle_30_trials.svg","artifacts\archive\gazebo\gazebo_obstacle_30_trials.svg","file","6782","2026-07-26T13:23:12"
"gazebo_obstacle_benchmark_logs","artifacts\archive\gazebo\gazebo_obstacle_benchmark_logs","directory","1199059","2026-08-13T22:01:42"
"gazebo_obstacle_benchmark.csv","artifacts\archive\gazebo\gazebo_obstacle_benchmark.csv","file","3920","2026-07-26T12:26:54"
"gazebo_obstacle_benchmark.md","artifacts\archive\gazebo\gazebo_obstacle_benchmark.md","file","1148","2026-07-26T12:26:54"
"gazebo_obstacle_smoke_logs","artifacts\archive\gazebo\gazebo_obstacle_smoke_logs","directory","386619","2026-08-13T22:01:42"
"gazebo_obstacle_smoke.csv","artifacts\archive\gazebo\gazebo_obstacle_smoke.csv","file","1579","2026-07-26T12:00:40"
"gazebo_obstacle_smoke.md","artifacts\archive\gazebo\gazebo_obstacle_smoke.md","file","961","2026-07-26T12:00:40"
"gazebo_obstacle_visual_logs","artifacts\archive\gazebo\gazebo_obstacle_visual_logs","directory","130522","2026-08-13T22:01:42"
"gazebo_obstacle_visual.csv","artifacts\archive\gazebo\gazebo_obstacle_visual.csv","file","801","2026-07-19T20:47:46"
"gazebo_obstacle_visual.md","artifacts\archive\gazebo\gazebo_obstacle_visual.md","file","962","2026-07-19T20:47:46"
"gazebo_perception_30_trials_logs","artifacts\archive\gazebo\gazebo_perception_30_trials_logs","directory","3147427","2026-08-13T22:01:42"
"gazebo_perception_30_trials.csv","artifacts\archive\gazebo\gazebo_perception_30_trials.csv","file","14184","2026-08-02T22:20:43"
"gazebo_perception_30_trials.md","artifacts\archive\gazebo\gazebo_perception_30_trials.md","file","4962","2026-08-02T22:20:43"
"gazebo_perception_30_trials.svg","artifacts\archive\gazebo\gazebo_perception_30_trials.svg","file","5378","2026-08-02T22:20:43"
"gazebo_perception_calibration_fov_logs","artifacts\archive\gazebo\gazebo_perception_calibration_fov_logs","directory","126600","2026-08-13T22:01:42"
"gazebo_perception_calibration_fov.csv","artifacts\archive\gazebo\gazebo_perception_calibration_fov.csv","file","1525","2026-07-26T21:36:49"
"gazebo_perception_calibration_fov.md","artifacts\archive\gazebo\gazebo_perception_calibration_fov.md","file","887","2026-07-26T21:36:49"
"gazebo_perception_calibration_raw_logs","artifacts\archive\gazebo\gazebo_perception_calibration_raw_logs","directory","129517","2026-08-13T22:01:42"
"gazebo_perception_calibration_raw.csv","artifacts\archive\gazebo\gazebo_perception_calibration_raw.csv","file","1515","2026-07-26T21:34:35"
"gazebo_perception_calibration_raw.md","artifacts\archive\gazebo\gazebo_perception_calibration_raw.md","file","885","2026-07-26T21:34:35"
"gazebo_perception_calibration_tuned_logs","artifacts\archive\gazebo\gazebo_perception_calibration_tuned_logs","directory","127913","2026-08-13T22:01:42"
"gazebo_perception_calibration_tuned.csv","artifacts\archive\gazebo\gazebo_perception_calibration_tuned.csv","file","1508","2026-07-26T21:38:23"
"gazebo_perception_calibration_tuned.md","artifacts\archive\gazebo\gazebo_perception_calibration_tuned.md","file","869","2026-07-26T21:38:23"
"gazebo_perception_paired_smoke_clean_logs","artifacts\archive\gazebo\gazebo_perception_paired_smoke_clean_logs","directory","619399","2026-08-13T22:01:42"
"gazebo_perception_paired_smoke_clean.csv","artifacts\archive\gazebo\gazebo_perception_paired_smoke_clean.csv","file","3407","2026-07-26T21:59:58"
"gazebo_perception_paired_smoke_clean.md","artifacts\archive\gazebo\gazebo_perception_paired_smoke_clean.md","file","2522","2026-07-26T21:59:58"
"gazebo_perception_paired_smoke_clean.svg","artifacts\archive\gazebo\gazebo_perception_paired_smoke_clean.svg","file","5325","2026-07-26T21:59:58"
"gazebo_perception_paired_smoke_logs","artifacts\archive\gazebo\gazebo_perception_paired_smoke_logs","directory","638563","2026-08-13T22:01:42"
"gazebo_perception_paired_smoke.csv","artifacts\archive\gazebo\gazebo_perception_paired_smoke.csv","file","2938","2026-07-26T21:53:14"
"gazebo_perception_paired_smoke.md","artifacts\archive\gazebo\gazebo_perception_paired_smoke.md","file","2729","2026-07-26T21:53:14"
"gazebo_perception_paired_smoke.svg","artifacts\archive\gazebo\gazebo_perception_paired_smoke.svg","file","5324","2026-07-26T21:53:14"
"gazebo_perception_smoke_logs","artifacts\archive\gazebo\gazebo_perception_smoke_logs","directory","233101","2026-08-13T22:01:42"
"gazebo_perception_smoke.csv","artifacts\archive\gazebo\gazebo_perception_smoke.csv","file","1451","2026-07-26T21:19:36"
"gazebo_perception_smoke.md","artifacts\archive\gazebo\gazebo_perception_smoke.md","file","2267","2026-07-26T21:19:36"
"gazebo_perception_smoke.svg","artifacts\archive\gazebo\gazebo_perception_smoke.svg","file","5318","2026-07-26T21:19:36"
"gazebo_physics_benchmark.csv","artifacts\archive\gazebo\gazebo_physics_benchmark.csv","file","1334","2026-07-19T11:15:40"
"gazebo_physics_benchmark.md","artifacts\archive\gazebo\gazebo_physics_benchmark.md","file","401","2026-07-19T11:15:40"
"gazebo_planner_benchmark_logs","artifacts\archive\gazebo\gazebo_planner_benchmark_logs","directory","783988","2026-08-13T22:01:42"
"gazebo_planner_benchmark.csv","artifacts\archive\gazebo\gazebo_planner_benchmark.csv","file","2456","2026-07-19T12:00:05"
"gazebo_planner_benchmark.md","artifacts\archive\gazebo\gazebo_planner_benchmark.md","file","802","2026-07-19T12:00:05"
"gazebo_planner_smoke_logs","artifacts\archive\gazebo\gazebo_planner_smoke_logs","directory","258192","2026-08-13T22:01:42"
"gazebo_planner_smoke.csv","artifacts\archive\gazebo\gazebo_planner_smoke.csv","file","925","2026-07-19T11:52:41"
"gazebo_planner_smoke.md","artifacts\archive\gazebo\gazebo_planner_smoke.md","file","803","2026-07-19T11:52:41"
"gazebo_random_benchmark_logs","artifacts\archive\gazebo\gazebo_random_benchmark_logs","directory","796404","2026-08-13T22:01:42"
"gazebo_random_benchmark.csv","artifacts\archive\gazebo\gazebo_random_benchmark.csv","file","2211","2026-07-19T11:30:20"
"gazebo_random_benchmark.md","artifacts\archive\gazebo\gazebo_random_benchmark.md","file","490","2026-07-19T11:30:20"
"gazebo_random_smoke_logs","artifacts\archive\gazebo\gazebo_random_smoke_logs","directory","94179","2026-08-13T22:01:42"
"gazebo_random_smoke.csv","artifacts\archive\gazebo\gazebo_random_smoke.csv","file","368","2026-07-19T11:23:02"
"gazebo_random_smoke.md","artifacts\archive\gazebo\gazebo_random_smoke.md","file","491","2026-07-19T11:23:02"
"gazebo_rgbd_arm_goal_tolerance_smoke_logs","artifacts\archive\gazebo\gazebo_rgbd_arm_goal_tolerance_smoke_logs","directory","122152","2026-08-23T12:21:56"
"gazebo_rgbd_arm_goal_tolerance_smoke.csv","artifacts\archive\gazebo\gazebo_rgbd_arm_goal_tolerance_smoke.csv","file","1360","2026-08-23T12:22:42"
"gazebo_rgbd_arm_goal_tolerance_smoke.md","artifacts\archive\gazebo\gazebo_rgbd_arm_goal_tolerance_smoke.md","file","1858","2026-08-23T12:22:42"
"gazebo_rgbd_arm_goal_tolerance_smoke.svg","artifacts\archive\gazebo\gazebo_rgbd_arm_goal_tolerance_smoke.svg","file","3812","2026-08-23T12:22:42"
"gazebo_rgbd_arm_tolerance_smoke_logs","artifacts\archive\gazebo\gazebo_rgbd_arm_tolerance_smoke_logs","directory","122275","2026-08-23T12:19:49"
"gazebo_rgbd_arm_tolerance_smoke.csv","artifacts\archive\gazebo\gazebo_rgbd_arm_tolerance_smoke.csv","file","1342","2026-08-23T12:20:31"
"gazebo_rgbd_arm_tolerance_smoke.md","artifacts\archive\gazebo\gazebo_rgbd_arm_tolerance_smoke.md","file","1860","2026-08-23T12:20:31"
"gazebo_rgbd_arm_tolerance_smoke.svg","artifacts\archive\gazebo\gazebo_rgbd_arm_tolerance_smoke.svg","file","3812","2026-08-23T12:20:31"
"gazebo_rgbd_balanced_fingers_smoke_logs","artifacts\archive\gazebo\gazebo_rgbd_balanced_fingers_smoke_logs","directory","120203","2026-08-23T11:45:37"
"gazebo_rgbd_balanced_fingers_smoke.csv","artifacts\archive\gazebo\gazebo_rgbd_balanced_fingers_smoke.csv","file","1297","2026-08-23T11:46:44"
"gazebo_rgbd_balanced_fingers_smoke.md","artifacts\archive\gazebo\gazebo_rgbd_balanced_fingers_smoke.md","file","1796","2026-08-23T11:46:44"
"gazebo_rgbd_balanced_fingers_smoke.svg","artifacts\archive\gazebo\gazebo_rgbd_balanced_fingers_smoke.svg","file","3812","2026-08-23T11:46:44"
"gazebo_rgbd_box_fingers_diagnostic_smoke_logs","artifacts\archive\gazebo\gazebo_rgbd_box_fingers_diagnostic_smoke_logs","directory","128147","2026-08-23T12:00:12"
"gazebo_rgbd_box_fingers_diagnostic_smoke.csv","artifacts\archive\gazebo\gazebo_rgbd_box_fingers_diagnostic_smoke.csv","file","1347","2026-08-23T12:01:08"
"gazebo_rgbd_box_fingers_diagnostic_smoke.md","artifacts\archive\gazebo\gazebo_rgbd_box_fingers_diagnostic_smoke.md","file","1857","2026-08-23T12:01:08"
"gazebo_rgbd_box_fingers_diagnostic_smoke.svg","artifacts\archive\gazebo\gazebo_rgbd_box_fingers_diagnostic_smoke.svg","file","3812","2026-08-23T12:01:08"
"gazebo_rgbd_box_fingers_smoke_logs","artifacts\archive\gazebo\gazebo_rgbd_box_fingers_smoke_logs","directory","115840","2026-08-23T11:55:51"
"gazebo_rgbd_box_fingers_smoke.csv","artifacts\archive\gazebo\gazebo_rgbd_box_fingers_smoke.csv","file","1298","2026-08-23T11:56:44"
"gazebo_rgbd_box_fingers_smoke.md","artifacts\archive\gazebo\gazebo_rgbd_box_fingers_smoke.md","file","1795","2026-08-23T11:56:44"
"gazebo_rgbd_box_fingers_smoke.svg","artifacts\archive\gazebo\gazebo_rgbd_box_fingers_smoke.svg","file","3812","2026-08-23T11:56:44"
"gazebo_rgbd_calibrated_payload_smoke_logs","artifacts\archive\gazebo\gazebo_rgbd_calibrated_payload_smoke_logs","directory","149011","2026-08-23T10:43:19"
"gazebo_rgbd_calibrated_payload_smoke.csv","artifacts\archive\gazebo\gazebo_rgbd_calibrated_payload_smoke.csv","file","1243","2026-08-23T10:44:42"
"gazebo_rgbd_calibrated_payload_smoke.md","artifacts\archive\gazebo\gazebo_rgbd_calibrated_payload_smoke.md","file","1638","2026-08-23T10:44:42"
"gazebo_rgbd_calibrated_payload_smoke.svg","artifacts\archive\gazebo\gazebo_rgbd_calibrated_payload_smoke.svg","file","3824","2026-08-23T10:44:42"
"gazebo_rgbd_cartesian_replan_smoke_logs","artifacts\archive\gazebo\gazebo_rgbd_cartesian_replan_smoke_logs","directory","122169","2026-08-23T13:15:32"
"gazebo_rgbd_cartesian_replan_smoke.csv","artifacts\archive\gazebo\gazebo_rgbd_cartesian_replan_smoke.csv","file","1362","2026-08-23T13:16:02"
"gazebo_rgbd_cartesian_replan_smoke.md","artifacts\archive\gazebo\gazebo_rgbd_cartesian_replan_smoke.md","file","1866","2026-08-23T13:16:02"
"gazebo_rgbd_cartesian_replan_smoke.svg","artifacts\archive\gazebo\gazebo_rgbd_cartesian_replan_smoke.svg","file","3812","2026-08-23T13:16:02"
"gazebo_rgbd_cartesian_smoke_logs","artifacts\archive\gazebo\gazebo_rgbd_cartesian_smoke_logs","directory","112428","2026-08-23T12:50:28"
"gazebo_rgbd_cartesian_smoke.csv","artifacts\archive\gazebo\gazebo_rgbd_cartesian_smoke.csv","file","1358","2026-08-23T12:51:15"
"gazebo_rgbd_cartesian_smoke.md","artifacts\archive\gazebo\gazebo_rgbd_cartesian_smoke.md","file","1862","2026-08-23T12:51:15"
"gazebo_rgbd_cartesian_smoke.svg","artifacts\archive\gazebo\gazebo_rgbd_cartesian_smoke.svg","file","3812","2026-08-23T12:51:15"
"gazebo_rgbd_centered_smoke_logs","artifacts\archive\gazebo\gazebo_rgbd_centered_smoke_logs","directory","92155","2026-08-16T17:52:31"
"gazebo_rgbd_centered_smoke.csv","artifacts\archive\gazebo\gazebo_rgbd_centered_smoke.csv","file","1243","2026-08-16T17:53:04"
"gazebo_rgbd_centered_smoke.md","artifacts\archive\gazebo\gazebo_rgbd_centered_smoke.md","file","1759","2026-08-16T17:53:04"
"gazebo_rgbd_centered_smoke.svg","artifacts\archive\gazebo\gazebo_rgbd_centered_smoke.svg","file","3796","2026-08-16T17:53:04"
"gazebo_rgbd_contact_smoke_logs","artifacts\archive\gazebo\gazebo_rgbd_contact_smoke_logs","directory","95281","2026-08-16T17:47:47"
"gazebo_rgbd_contact_smoke.csv","artifacts\archive\gazebo\gazebo_rgbd_contact_smoke.csv","file","1222","2026-08-16T17:48:16"
"gazebo_rgbd_contact_smoke.md","artifacts\archive\gazebo\gazebo_rgbd_contact_smoke.md","file","1747","2026-08-16T17:48:16"
"gazebo_rgbd_contact_smoke.svg","artifacts\archive\gazebo\gazebo_rgbd_contact_smoke.svg","file","3796","2026-08-16T17:48:16"
"gazebo_rgbd_effort_p1200_smoke_logs","artifacts\archive\gazebo\gazebo_rgbd_effort_p1200_smoke_logs","directory","138532","2026-08-23T11:37:58"
"gazebo_rgbd_effort_p1200_smoke.csv","artifacts\archive\gazebo\gazebo_rgbd_effort_p1200_smoke.csv","file","1299","2026-08-23T11:38:39"
"gazebo_rgbd_effort_p1200_smoke.md","artifacts\archive\gazebo\gazebo_rgbd_effort_p1200_smoke.md","file","1795","2026-08-23T11:38:39"
"gazebo_rgbd_effort_p1200_smoke.svg","artifacts\archive\gazebo\gazebo_rgbd_effort_p1200_smoke.svg","file","3812","2026-08-23T11:38:39"
"gazebo_rgbd_effort_p2000_smoke_logs","artifacts\archive\gazebo\gazebo_rgbd_effort_p2000_smoke_logs","directory","120139","2026-08-23T11:40:27"
"gazebo_rgbd_effort_p2000_smoke.csv","artifacts\archive\gazebo\gazebo_rgbd_effort_p2000_smoke.csv","file","1299","2026-08-23T11:41:27"
"gazebo_rgbd_effort_p2000_smoke.md","artifacts\archive\gazebo\gazebo_rgbd_effort_p2000_smoke.md","file","1794","2026-08-23T11:41:27"
"gazebo_rgbd_effort_p2000_smoke.svg","artifacts\archive\gazebo\gazebo_rgbd_effort_p2000_smoke.svg","file","3812","2026-08-23T11:41:27"
"gazebo_rgbd_effort_staged_smoke_logs","artifacts\archive\gazebo\gazebo_rgbd_effort_staged_smoke_logs","directory","111761","2026-08-23T11:34:55"
"gazebo_rgbd_effort_staged_smoke.csv","artifacts\archive\gazebo\gazebo_rgbd_effort_staged_smoke.csv","file","1285","2026-08-23T11:35:43"
"gazebo_rgbd_effort_staged_smoke.md","artifacts\archive\gazebo\gazebo_rgbd_effort_staged_smoke.md","file","1795","2026-08-23T11:35:43"
"gazebo_rgbd_effort_staged_smoke.svg","artifacts\archive\gazebo\gazebo_rgbd_effort_staged_smoke.svg","file","3812","2026-08-23T11:35:43"
"gazebo_rgbd_firm_smoke_logs","artifacts\archive\gazebo\gazebo_rgbd_firm_smoke_logs","directory","114631","2026-08-16T17:55:21"
"gazebo_rgbd_firm_smoke.csv","artifacts\archive\gazebo\gazebo_rgbd_firm_smoke.csv","file","1220","2026-08-16T17:56:08"
"gazebo_rgbd_firm_smoke.md","artifacts\archive\gazebo\gazebo_rgbd_firm_smoke.md","file","1747","2026-08-16T17:56:08"
"gazebo_rgbd_firm_smoke.svg","artifacts\archive\gazebo\gazebo_rgbd_firm_smoke.svg","file","3796","2026-08-16T17:56:08"
"gazebo_rgbd_flat_pads_smoke_logs","artifacts\archive\gazebo\gazebo_rgbd_flat_pads_smoke_logs","directory","148977","2026-08-23T11:48:56"
"gazebo_rgbd_flat_pads_smoke.csv","artifacts\archive\gazebo\gazebo_rgbd_flat_pads_smoke.csv","file","1295","2026-08-23T11:50:15"
"gazebo_rgbd_flat_pads_smoke.md","artifacts\archive\gazebo\gazebo_rgbd_flat_pads_smoke.md","file","1794","2026-08-23T11:50:15"
"gazebo_rgbd_flat_pads_smoke.svg","artifacts\archive\gazebo\gazebo_rgbd_flat_pads_smoke.svg","file","3812","2026-08-23T11:50:15"
"gazebo_rgbd_frame_fixed_smoke_logs","artifacts\archive\gazebo\gazebo_rgbd_frame_fixed_smoke_logs","directory","120043","2026-08-16T18:10:23"
"gazebo_rgbd_frame_fixed_smoke.csv","artifacts\archive\gazebo\gazebo_rgbd_frame_fixed_smoke.csv","file","1245","2026-08-16T18:10:23"
"gazebo_rgbd_frame_fixed_smoke.md","artifacts\archive\gazebo\gazebo_rgbd_frame_fixed_smoke.md","file","1752","2026-08-16T18:10:23"
"gazebo_rgbd_frame_fixed_smoke.svg","artifacts\archive\gazebo\gazebo_rgbd_frame_fixed_smoke.svg","file","3796","2026-08-16T18:10:23"
"gazebo_rgbd_gain_smoke_logs","artifacts\archive\gazebo\gazebo_rgbd_gain_smoke_logs","directory","102296","2026-08-16T18:04:36"
"gazebo_rgbd_gain_smoke.csv","artifacts\archive\gazebo\gazebo_rgbd_gain_smoke.csv","file","1233","2026-08-16T18:05:10"
"gazebo_rgbd_gain_smoke.md","artifacts\archive\gazebo\gazebo_rgbd_gain_smoke.md","file","1747","2026-08-16T18:05:10"
"gazebo_rgbd_gain_smoke.svg","artifacts\archive\gazebo\gazebo_rgbd_gain_smoke.svg","file","3796","2026-08-16T18:05:10"
"gazebo_rgbd_gain4_shallow_smoke_logs","artifacts\archive\gazebo\gazebo_rgbd_gain4_shallow_smoke_logs","directory","81843","2026-08-23T12:44:02"
"gazebo_rgbd_gain4_shallow_smoke.csv","artifacts\archive\gazebo\gazebo_rgbd_gain4_shallow_smoke.csv","file","1311","2026-08-23T12:44:11"
"gazebo_rgbd_gain4_shallow_smoke.md","artifacts\archive\gazebo\gazebo_rgbd_gain4_shallow_smoke.md","file","1829","2026-08-23T12:44:11"
"gazebo_rgbd_gain4_shallow_smoke.svg","artifacts\archive\gazebo\gazebo_rgbd_gain4_shallow_smoke.svg","file","3812","2026-08-23T12:44:11"
"gazebo_rgbd_gain4_smoke_logs","artifacts\archive\gazebo\gazebo_rgbd_gain4_smoke_logs","directory","84933","2026-08-23T12:37:15"
"gazebo_rgbd_gain4_smoke.csv","artifacts\archive\gazebo\gazebo_rgbd_gain4_smoke.csv","file","1233","2026-08-23T12:38:02"
"gazebo_rgbd_gain4_smoke.md","artifacts\archive\gazebo\gazebo_rgbd_gain4_smoke.md","file","1739","2026-08-23T12:38:02"
"gazebo_rgbd_gain4_smoke.svg","artifacts\archive\gazebo\gazebo_rgbd_gain4_smoke.svg","file","3812","2026-08-23T12:38:02"
"gazebo_rgbd_grip_preload_18mm_smoke_logs","artifacts\archive\gazebo\gazebo_rgbd_grip_preload_18mm_smoke_logs","directory","133910","2026-08-23T11:18:59"
"gazebo_rgbd_grip_preload_18mm_smoke.csv","artifacts\archive\gazebo\gazebo_rgbd_grip_preload_18mm_smoke.csv","file","1223","2026-08-23T11:20:16"
"gazebo_rgbd_grip_preload_18mm_smoke.md","artifacts\archive\gazebo\gazebo_rgbd_grip_preload_18mm_smoke.md","file","1746","2026-08-23T11:20:16"
"gazebo_rgbd_grip_preload_18mm_smoke.svg","artifacts\archive\gazebo\gazebo_rgbd_grip_preload_18mm_smoke.svg","file","3812","2026-08-23T11:20:16"
"gazebo_rgbd_grip_preload_smoke_logs","artifacts\archive\gazebo\gazebo_rgbd_grip_preload_smoke_logs","directory","167455","2026-08-23T11:15:44"
"gazebo_rgbd_grip_preload_smoke.csv","artifacts\archive\gazebo\gazebo_rgbd_grip_preload_smoke.csv","file","1294","2026-08-23T11:17:32"
"gazebo_rgbd_grip_preload_smoke.md","artifacts\archive\gazebo\gazebo_rgbd_grip_preload_smoke.md","file","1794","2026-08-23T11:17:32"
"gazebo_rgbd_grip_preload_smoke.svg","artifacts\archive\gazebo\gazebo_rgbd_grip_preload_smoke.svg","file","3813","2026-08-23T11:17:32"
"gazebo_rgbd_grip20_smoke_logs","artifacts\archive\gazebo\gazebo_rgbd_grip20_smoke_logs","directory","160760","2026-08-23T13:08:22"
"gazebo_rgbd_grip20_smoke.csv","artifacts\archive\gazebo\gazebo_rgbd_grip20_smoke.csv","file","1241","2026-08-23T13:09:28"
"gazebo_rgbd_grip20_smoke.md","artifacts\archive\gazebo\gazebo_rgbd_grip20_smoke.md","file","1746","2026-08-23T13:09:28"
"gazebo_rgbd_grip20_smoke.svg","artifacts\archive\gazebo\gazebo_rgbd_grip20_smoke.svg","file","3812","2026-08-23T13:09:28"
"gazebo_rgbd_height105_smoke_logs","artifacts\archive\gazebo\gazebo_rgbd_height105_smoke_logs","directory","97151","2026-08-23T13:13:35"
"gazebo_rgbd_height105_smoke.csv","artifacts\archive\gazebo\gazebo_rgbd_height105_smoke.csv","file","1360","2026-08-23T13:13:56"
"gazebo_rgbd_height105_smoke.md","artifacts\archive\gazebo\gazebo_rgbd_height105_smoke.md","file","1866","2026-08-23T13:13:56"
"gazebo_rgbd_height105_smoke.svg","artifacts\archive\gazebo\gazebo_rgbd_height105_smoke.svg","file","3812","2026-08-23T13:13:56"
"gazebo_rgbd_height110_smoke_logs","artifacts\archive\gazebo\gazebo_rgbd_height110_smoke_logs","directory","149366","2026-08-23T13:11:13"
"gazebo_rgbd_height110_smoke.csv","artifacts\archive\gazebo\gazebo_rgbd_height110_smoke.csv","file","1240","2026-08-23T13:12:07"
"gazebo_rgbd_height110_smoke.md","artifacts\archive\gazebo\gazebo_rgbd_height110_smoke.md","file","1746","2026-08-23T13:12:07"
"gazebo_rgbd_height110_smoke.svg","artifacts\archive\gazebo\gazebo_rgbd_height110_smoke.svg","file","3812","2026-08-23T13:12:07"
"gazebo_rgbd_high_retreat_smoke_logs","artifacts\archive\gazebo\gazebo_rgbd_high_retreat_smoke_logs","directory","136219","2026-08-16T18:46:17"
"gazebo_rgbd_high_retreat_smoke.csv","artifacts\archive\gazebo\gazebo_rgbd_high_retreat_smoke.csv","file","1278","2026-08-16T18:46:51"
"gazebo_rgbd_high_retreat_smoke.md","artifacts\archive\gazebo\gazebo_rgbd_high_retreat_smoke.md","file","1737","2026-08-16T18:46:51"
"gazebo_rgbd_high_retreat_smoke.svg","artifacts\archive\gazebo\gazebo_rgbd_high_retreat_smoke.svg","file","3796","2026-08-16T18:46:51"
"gazebo_rgbd_hybrid_transfer_smoke_logs","artifacts\archive\gazebo\gazebo_rgbd_hybrid_transfer_smoke_logs","directory","218669","2026-08-23T13:21:41"
"gazebo_rgbd_hybrid_transfer_smoke.csv","artifacts\archive\gazebo\gazebo_rgbd_hybrid_transfer_smoke.csv","file","1353","2026-08-23T13:23:52"
"gazebo_rgbd_hybrid_transfer_smoke.md","artifacts\archive\gazebo\gazebo_rgbd_hybrid_transfer_smoke.md","file","1861","2026-08-23T13:23:52"
"gazebo_rgbd_hybrid_transfer_smoke.svg","artifacts\archive\gazebo\gazebo_rgbd_hybrid_transfer_smoke.svg","file","3813","2026-08-23T13:23:52"
"gazebo_rgbd_live_scene_smoke_logs","artifacts\archive\gazebo\gazebo_rgbd_live_scene_smoke_logs","directory","129593","2026-08-16T18:37:48"
"gazebo_rgbd_live_scene_smoke.csv","artifacts\archive\gazebo\gazebo_rgbd_live_scene_smoke.csv","file","1257","2026-08-16T18:38:57"
"gazebo_rgbd_live_scene_smoke.md","artifacts\archive\gazebo\gazebo_rgbd_live_scene_smoke.md","file","1655","2026-08-16T18:38:57"
"gazebo_rgbd_live_scene_smoke.svg","artifacts\archive\gazebo\gazebo_rgbd_live_scene_smoke.svg","file","3807","2026-08-16T18:38:57"
"gazebo_rgbd_midpoint_smoke_logs","artifacts\archive\gazebo\gazebo_rgbd_midpoint_smoke_logs","directory","92438","2026-08-23T12:48:09"
"gazebo_rgbd_midpoint_smoke.csv","artifacts\archive\gazebo\gazebo_rgbd_midpoint_smoke.csv","file","1236","2026-08-23T12:48:52"
"gazebo_rgbd_midpoint_smoke.md","artifacts\archive\gazebo\gazebo_rgbd_midpoint_smoke.md","file","1739","2026-08-23T12:48:52"
"gazebo_rgbd_midpoint_smoke.svg","artifacts\archive\gazebo\gazebo_rgbd_midpoint_smoke.svg","file","3812","2026-08-23T12:48:52"
"gazebo_rgbd_payload_compensation_smoke_logs","artifacts\archive\gazebo\gazebo_rgbd_payload_compensation_smoke_logs","directory","107560","2026-08-23T10:28:13"
"gazebo_rgbd_payload_compensation_smoke.csv","artifacts\archive\gazebo\gazebo_rgbd_payload_compensation_smoke.csv","file","1286","2026-08-23T10:29:07"
"gazebo_rgbd_payload_compensation_smoke.md","artifacts\archive\gazebo\gazebo_rgbd_payload_compensation_smoke.md","file","1782","2026-08-23T10:29:07"
"gazebo_rgbd_payload_compensation_smoke.svg","artifacts\archive\gazebo\gazebo_rgbd_payload_compensation_smoke.svg","file","3812","2026-08-23T10:29:07"
"gazebo_rgbd_payload_xyz_smoke_logs","artifacts\archive\gazebo\gazebo_rgbd_payload_xyz_smoke_logs","directory","113374","2026-08-23T10:35:03"
"gazebo_rgbd_payload_xyz_smoke.csv","artifacts\archive\gazebo\gazebo_rgbd_payload_xyz_smoke.csv","file","1287","2026-08-23T10:35:54"
"gazebo_rgbd_payload_xyz_smoke.md","artifacts\archive\gazebo\gazebo_rgbd_payload_xyz_smoke.md","file","1782","2026-08-23T10:35:54"
"gazebo_rgbd_payload_xyz_smoke.svg","artifacts\archive\gazebo\gazebo_rgbd_payload_xyz_smoke.svg","file","3812","2026-08-23T10:35:54"
"gazebo_rgbd_place_descent_diagnostic_logs","artifacts\archive\gazebo\gazebo_rgbd_place_descent_diagnostic_logs","directory","151783","2026-08-23T11:12:10"
"gazebo_rgbd_place_descent_diagnostic.csv","artifacts\archive\gazebo\gazebo_rgbd_place_descent_diagnostic.csv","file","1295","2026-08-23T11:13:42"
"gazebo_rgbd_place_descent_diagnostic.md","artifacts\archive\gazebo\gazebo_rgbd_place_descent_diagnostic.md","file","1790","2026-08-23T11:13:42"
"gazebo_rgbd_place_descent_diagnostic.svg","artifacts\archive\gazebo\gazebo_rgbd_place_descent_diagnostic.svg","file","3812","2026-08-23T11:13:42"
"gazebo_rgbd_place_feedback_5cm_smoke_logs","artifacts\archive\gazebo\gazebo_rgbd_place_feedback_5cm_smoke_logs","directory","136106","2026-08-23T10:54:12"
"gazebo_rgbd_place_feedback_5cm_smoke.csv","artifacts\archive\gazebo\gazebo_rgbd_place_feedback_5cm_smoke.csv","file","1273","2026-08-23T10:54:51"
"gazebo_rgbd_place_feedback_5cm_smoke.md","artifacts\archive\gazebo\gazebo_rgbd_place_feedback_5cm_smoke.md","file","1776","2026-08-23T10:54:51"
"gazebo_rgbd_place_feedback_5cm_smoke.svg","artifacts\archive\gazebo\gazebo_rgbd_place_feedback_5cm_smoke.svg","file","3812","2026-08-23T10:54:51"
"gazebo_rgbd_place_feedback_smoke_logs","artifacts\archive\gazebo\gazebo_rgbd_place_feedback_smoke_logs","directory","125398","2026-08-23T10:51:16"
"gazebo_rgbd_place_feedback_smoke.csv","artifacts\archive\gazebo\gazebo_rgbd_place_feedback_smoke.csv","file","1260","2026-08-23T10:52:12"
"gazebo_rgbd_place_feedback_smoke.md","artifacts\archive\gazebo\gazebo_rgbd_place_feedback_smoke.md","file","1776","2026-08-23T10:52:12"
"gazebo_rgbd_place_feedback_smoke.svg","artifacts\archive\gazebo\gazebo_rgbd_place_feedback_smoke.svg","file","3812","2026-08-23T10:52:12"
"gazebo_rgbd_preplace_alignment_smoke_logs","artifacts\archive\gazebo\gazebo_rgbd_preplace_alignment_smoke_logs","directory","136541","2026-08-23T12:16:24"
"gazebo_rgbd_preplace_alignment_smoke.csv","artifacts\archive\gazebo\gazebo_rgbd_preplace_alignment_smoke.csv","file","1291","2026-08-23T12:17:32"
"gazebo_rgbd_preplace_alignment_smoke.md","artifacts\archive\gazebo\gazebo_rgbd_preplace_alignment_smoke.md","file","1792","2026-08-23T12:17:32"
"gazebo_rgbd_preplace_alignment_smoke.svg","artifacts\archive\gazebo\gazebo_rgbd_preplace_alignment_smoke.svg","file","3812","2026-08-23T12:17:32"
"gazebo_rgbd_preplace_replan_smoke_logs","artifacts\archive\gazebo\gazebo_rgbd_preplace_replan_smoke_logs","directory","145050","2026-08-23T12:12:41"
"gazebo_rgbd_preplace_replan_smoke.csv","artifacts\archive\gazebo\gazebo_rgbd_preplace_replan_smoke.csv","file","1291","2026-08-23T12:14:01"
"gazebo_rgbd_preplace_replan_smoke.md","artifacts\archive\gazebo\gazebo_rgbd_preplace_replan_smoke.md","file","1792","2026-08-23T12:14:01"
"gazebo_rgbd_preplace_replan_smoke.svg","artifacts\archive\gazebo\gazebo_rgbd_preplace_replan_smoke.svg","file","3812","2026-08-23T12:14:01"
"gazebo_rgbd_random_3_final_logs","artifacts\archive\gazebo\gazebo_rgbd_random_3_final_logs","directory","411244","2026-08-16T18:41:58"
"gazebo_rgbd_random_3_final.csv","artifacts\archive\gazebo\gazebo_rgbd_random_3_final.csv","file","2247","2026-08-16T18:43:16"
"gazebo_rgbd_random_3_final.md","artifacts\archive\gazebo\gazebo_rgbd_random_3_final.md","file","2006","2026-08-16T18:43:16"
"gazebo_rgbd_random_3_final.svg","artifacts\archive\gazebo\gazebo_rgbd_random_3_final.svg","file","3803","2026-08-16T18:43:16"
"gazebo_rgbd_random_3_logs","artifacts\archive\gazebo\gazebo_rgbd_random_3_logs","directory","397576","2026-08-16T18:17:01"
"gazebo_rgbd_random_3_low_release_logs","artifacts\archive\gazebo\gazebo_rgbd_random_3_low_release_logs","directory","390149","2026-08-16T18:22:43"
"gazebo_rgbd_random_3_low_release.csv","artifacts\archive\gazebo\gazebo_rgbd_random_3_low_release.csv","file","2287","2026-08-16T18:24:01"
"gazebo_rgbd_random_3_low_release.md","artifacts\archive\gazebo\gazebo_rgbd_random_3_low_release.md","file","1930","2026-08-16T18:24:01"
"gazebo_rgbd_random_3_low_release.svg","artifacts\archive\gazebo\gazebo_rgbd_random_3_low_release.svg","file","3803","2026-08-16T18:24:01"
"gazebo_rgbd_random_3_staged_release_logs","artifacts\archive\gazebo\gazebo_rgbd_random_3_staged_release_logs","directory","407808","2026-08-16T18:28:08"
"gazebo_rgbd_random_3_staged_release.csv","artifacts\archive\gazebo\gazebo_rgbd_random_3_staged_release.csv","file","2271","2026-08-16T18:29:36"
"gazebo_rgbd_random_3_staged_release.md","artifacts\archive\gazebo\gazebo_rgbd_random_3_staged_release.md","file","1930","2026-08-16T18:29:36"
"gazebo_rgbd_random_3_staged_release.svg","artifacts\archive\gazebo\gazebo_rgbd_random_3_staged_release.svg","file","3796","2026-08-16T18:29:36"
"gazebo_rgbd_random_3_verified_logs","artifacts\archive\gazebo\gazebo_rgbd_random_3_verified_logs","directory","417762","2026-08-16T18:52:28"
"gazebo_rgbd_random_3_verified.csv","artifacts\archive\gazebo\gazebo_rgbd_random_3_verified.csv","file","2295","2026-08-16T18:53:49"
"gazebo_rgbd_random_3_verified.md","artifacts\archive\gazebo\gazebo_rgbd_random_3_verified.md","file","2042","2026-08-16T18:53:49"
"gazebo_rgbd_random_3_verified.svg","artifacts\archive\gazebo\gazebo_rgbd_random_3_verified.svg","file","3803","2026-08-16T18:53:49"
"gazebo_rgbd_random_3.csv","artifacts\archive\gazebo\gazebo_rgbd_random_3.csv","file","2356","2026-08-16T18:18:24"
"gazebo_rgbd_random_3.md","artifacts\archive\gazebo\gazebo_rgbd_random_3.md","file","2002","2026-08-16T18:18:24"
"gazebo_rgbd_random_3.svg","artifacts\archive\gazebo\gazebo_rgbd_random_3.svg","file","3803","2026-08-16T18:18:24"
"gazebo_rgbd_readiness_smoke_logs","artifacts\archive\gazebo\gazebo_rgbd_readiness_smoke_logs","directory","142954","2026-08-23T12:07:25"
"gazebo_rgbd_readiness_smoke.csv","artifacts\archive\gazebo\gazebo_rgbd_readiness_smoke.csv","file","1241","2026-08-23T12:08:25"
"gazebo_rgbd_readiness_smoke.md","artifacts\archive\gazebo\gazebo_rgbd_readiness_smoke.md","file","1746","2026-08-23T12:08:25"
"gazebo_rgbd_readiness_smoke.svg","artifacts\archive\gazebo\gazebo_rgbd_readiness_smoke.svg","file","3812","2026-08-23T12:08:25"
"gazebo_rgbd_release_8mm_smoke_logs","artifacts\archive\gazebo\gazebo_rgbd_release_8mm_smoke_logs","directory","130667","2026-08-16T18:34:29"
"gazebo_rgbd_release_8mm_smoke.csv","artifacts\archive\gazebo\gazebo_rgbd_release_8mm_smoke.csv","file","1234","2026-08-16T18:35:18"
"gazebo_rgbd_release_8mm_smoke.md","artifacts\archive\gazebo\gazebo_rgbd_release_8mm_smoke.md","file","1701","2026-08-16T18:35:18"
"gazebo_rgbd_release_8mm_smoke.svg","artifacts\archive\gazebo\gazebo_rgbd_release_8mm_smoke.svg","file","3796","2026-08-16T18:35:18"
"gazebo_rgbd_release_fixed_smoke_logs","artifacts\archive\gazebo\gazebo_rgbd_release_fixed_smoke_logs","directory","124569","2026-08-16T18:13:32"
"gazebo_rgbd_release_fixed_smoke.csv","artifacts\archive\gazebo\gazebo_rgbd_release_fixed_smoke.csv","file","1252","2026-08-16T18:13:53"
"gazebo_rgbd_release_fixed_smoke.md","artifacts\archive\gazebo\gazebo_rgbd_release_fixed_smoke.md","file","1655","2026-08-16T18:13:53"
"gazebo_rgbd_release_fixed_smoke.svg","artifacts\archive\gazebo\gazebo_rgbd_release_fixed_smoke.svg","file","3807","2026-08-16T18:13:53"
"gazebo_rgbd_release_isolation_smoke_logs","artifacts\archive\gazebo\gazebo_rgbd_release_isolation_smoke_logs","directory","144853","2026-08-21T23:55:16"
"gazebo_rgbd_release_isolation_smoke.csv","artifacts\archive\gazebo\gazebo_rgbd_release_isolation_smoke.csv","file","718","2026-08-21T23:56:21"
"gazebo_rgbd_release_supervision_fixed_5_logs","artifacts\archive\gazebo\gazebo_rgbd_release_supervision_fixed_5_logs","directory","460592","2026-08-21T23:46:59"
"gazebo_rgbd_release_supervision_fixed_5.csv","artifacts\archive\gazebo\gazebo_rgbd_release_supervision_fixed_5.csv","file","2916","2026-08-21T23:47:11"
"gazebo_rgbd_release_supervision_fixed_5.md","artifacts\archive\gazebo\gazebo_rgbd_release_supervision_fixed_5.md","file","2401","2026-08-21T23:47:11"
"gazebo_rgbd_release_supervision_fixed_5.svg","artifacts\archive\gazebo\gazebo_rgbd_release_supervision_fixed_5.svg","file","3812","2026-08-21T23:47:11"
"gazebo_rgbd_release_supervision_smoke_logs","artifacts\archive\gazebo\gazebo_rgbd_release_supervision_smoke_logs","directory","139940","2026-08-21T23:40:30"
"gazebo_rgbd_release_supervision_smoke.csv","artifacts\archive\gazebo\gazebo_rgbd_release_supervision_smoke.csv","file","1231","2026-08-21T23:41:45"
"gazebo_rgbd_release_supervision_smoke.md","artifacts\archive\gazebo\gazebo_rgbd_release_supervision_smoke.md","file","1638","2026-08-21T23:41:45"
"gazebo_rgbd_release_supervision_smoke.svg","artifacts\archive\gazebo\gazebo_rgbd_release_supervision_smoke.svg","file","3824","2026-08-21T23:41:45"
"gazebo_rgbd_repeatable_workspace_smoke_logs","artifacts\archive\gazebo\gazebo_rgbd_repeatable_workspace_smoke_logs","directory","173707","2026-08-23T13:25:25"
"gazebo_rgbd_repeatable_workspace_smoke.csv","artifacts\archive\gazebo\gazebo_rgbd_repeatable_workspace_smoke.csv","file","1260","2026-08-23T13:26:37"
"gazebo_rgbd_repeatable_workspace_smoke.md","artifacts\archive\gazebo\gazebo_rgbd_repeatable_workspace_smoke.md","file","1635","2026-08-23T13:26:37"
"gazebo_rgbd_repeatable_workspace_smoke.svg","artifacts\archive\gazebo\gazebo_rgbd_repeatable_workspace_smoke.svg","file","3822","2026-08-23T13:26:37"
"gazebo_rgbd_rigid_check_smoke_logs","artifacts\archive\gazebo\gazebo_rgbd_rigid_check_smoke_logs","directory","104240","2026-08-16T18:10:23"
"gazebo_rgbd_rigid_check_smoke.csv","artifacts\archive\gazebo\gazebo_rgbd_rigid_check_smoke.csv","file","1238","2026-08-16T18:08:06"
"gazebo_rgbd_rigid_check_smoke.md","artifacts\archive\gazebo\gazebo_rgbd_rigid_check_smoke.md","file","1747","2026-08-16T18:08:06"
"gazebo_rgbd_rigid_check_smoke.svg","artifacts\archive\gazebo\gazebo_rgbd_rigid_check_smoke.svg","file","3796","2026-08-16T18:08:06"
"gazebo_rgbd_safe_pre_place_smoke_logs","artifacts\archive\gazebo\gazebo_rgbd_safe_pre_place_smoke_logs","directory","71922","2026-08-23T13:04:54"
"gazebo_rgbd_safe_pre_place_smoke.csv","artifacts\archive\gazebo\gazebo_rgbd_safe_pre_place_smoke.csv","file","1336","2026-08-23T13:05:26"
"gazebo_rgbd_safe_pre_place_smoke.md","artifacts\archive\gazebo\gazebo_rgbd_safe_pre_place_smoke.md","file","1860","2026-08-23T13:05:26"
"gazebo_rgbd_safe_pre_place_smoke.svg","artifacts\archive\gazebo\gazebo_rgbd_safe_pre_place_smoke.svg","file","3812","2026-08-23T13:05:26"
"gazebo_rgbd_safe_pre_place_smoke2_logs","artifacts\archive\gazebo\gazebo_rgbd_safe_pre_place_smoke2_logs","directory","160328","2026-08-23T13:05:43"
"gazebo_rgbd_safe_pre_place_smoke2.csv","artifacts\archive\gazebo\gazebo_rgbd_safe_pre_place_smoke2.csv","file","1239","2026-08-23T13:07:05"
"gazebo_rgbd_safe_pre_place_smoke2.md","artifacts\archive\gazebo\gazebo_rgbd_safe_pre_place_smoke2.md","file","1746","2026-08-23T13:07:05"
"gazebo_rgbd_safe_pre_place_smoke2.svg","artifacts\archive\gazebo\gazebo_rgbd_safe_pre_place_smoke2.svg","file","3812","2026-08-23T13:07:05"
"gazebo_rgbd_settle_smoke_logs","artifacts\archive\gazebo\gazebo_rgbd_settle_smoke_logs","directory","141154","2026-08-16T18:48:53"
"gazebo_rgbd_settle_smoke.csv","artifacts\archive\gazebo\gazebo_rgbd_settle_smoke.csv","file","1256","2026-08-16T18:49:28"
"gazebo_rgbd_settle_smoke.md","artifacts\archive\gazebo\gazebo_rgbd_settle_smoke.md","file","1655","2026-08-16T18:49:28"
"gazebo_rgbd_settle_smoke.svg","artifacts\archive\gazebo\gazebo_rgbd_settle_smoke.svg","file","3807","2026-08-16T18:49:28"
"gazebo_rgbd_shallow_smoke_logs","artifacts\archive\gazebo\gazebo_rgbd_shallow_smoke_logs","directory","156224","2026-08-23T12:41:32"
"gazebo_rgbd_shallow_smoke.csv","artifacts\archive\gazebo\gazebo_rgbd_shallow_smoke.csv","file","1358","2026-08-23T12:42:39"
"gazebo_rgbd_shallow_smoke.md","artifacts\archive\gazebo\gazebo_rgbd_shallow_smoke.md","file","1858","2026-08-23T12:42:39"
"gazebo_rgbd_shallow_smoke.svg","artifacts\archive\gazebo\gazebo_rgbd_shallow_smoke.svg","file","3812","2026-08-23T12:42:40"
"gazebo_rgbd_slow_place_smoke_logs","artifacts\archive\gazebo\gazebo_rgbd_slow_place_smoke_logs","directory","130586","2026-08-23T10:39:18"
"gazebo_rgbd_slow_place_smoke.csv","artifacts\archive\gazebo\gazebo_rgbd_slow_place_smoke.csv","file","1283","2026-08-23T10:40:25"
"gazebo_rgbd_slow_place_smoke.md","artifacts\archive\gazebo\gazebo_rgbd_slow_place_smoke.md","file","1782","2026-08-23T10:40:25"
"gazebo_rgbd_slow_place_smoke.svg","artifacts\archive\gazebo\gazebo_rgbd_slow_place_smoke.svg","file","3812","2026-08-23T10:40:25"
"gazebo_rgbd_slowest_transfer_smoke_logs","artifacts\archive\gazebo\gazebo_rgbd_slowest_transfer_smoke_logs","directory","117485","2026-08-23T12:27:40"
"gazebo_rgbd_slowest_transfer_smoke.csv","artifacts\archive\gazebo\gazebo_rgbd_slowest_transfer_smoke.csv","file","1360","2026-08-23T12:28:29"
"gazebo_rgbd_slowest_transfer_smoke.md","artifacts\archive\gazebo\gazebo_rgbd_slowest_transfer_smoke.md","file","1858","2026-08-23T12:28:29"
"gazebo_rgbd_slowest_transfer_smoke.svg","artifacts\archive\gazebo\gazebo_rgbd_slowest_transfer_smoke.svg","file","3812","2026-08-23T12:28:29"
"gazebo_rgbd_smoke_logs","artifacts\archive\gazebo\gazebo_rgbd_smoke_logs","directory","91545","2026-08-16T17:10:38"
"gazebo_rgbd_smoke.csv","artifacts\archive\gazebo\gazebo_rgbd_smoke.csv","file","1242","2026-08-16T17:42:24"
"gazebo_rgbd_smoke.md","artifacts\archive\gazebo\gazebo_rgbd_smoke.md","file","1747","2026-08-16T17:42:24"
"gazebo_rgbd_smoke.svg","artifacts\archive\gazebo\gazebo_rgbd_smoke.svg","file","3796","2026-08-16T17:42:24"
"gazebo_rgbd_staged_descent_smoke_logs","artifacts\archive\gazebo\gazebo_rgbd_staged_descent_smoke_logs","directory","130002","2026-08-23T11:25:13"
"gazebo_rgbd_staged_descent_smoke.csv","artifacts\archive\gazebo\gazebo_rgbd_staged_descent_smoke.csv","file","1290","2026-08-23T11:27:49"
"gazebo_rgbd_staged_descent_smoke.md","artifacts\archive\gazebo\gazebo_rgbd_staged_descent_smoke.md","file","1794","2026-08-23T11:27:49"
"gazebo_rgbd_staged_descent_smoke.svg","artifacts\archive\gazebo\gazebo_rgbd_staged_descent_smoke.svg","file","3812","2026-08-23T11:27:49"
"gazebo_rgbd_staged_feedback_visual_smoke_logs","artifacts\archive\gazebo\gazebo_rgbd_staged_feedback_visual_smoke_logs","directory","173690","2026-08-23T11:06:04"
"gazebo_rgbd_staged_feedback_visual_smoke.csv","artifacts\archive\gazebo\gazebo_rgbd_staged_feedback_visual_smoke.csv","file","1286","2026-08-23T11:07:51"
"gazebo_rgbd_staged_feedback_visual_smoke.md","artifacts\archive\gazebo\gazebo_rgbd_staged_feedback_visual_smoke.md","file","1790","2026-08-23T11:07:51"
"gazebo_rgbd_staged_feedback_visual_smoke.svg","artifacts\archive\gazebo\gazebo_rgbd_staged_feedback_visual_smoke.svg","file","3812","2026-08-23T11:07:51"
"gazebo_rgbd_staged_transfer_smoke_logs","artifacts\archive\gazebo\gazebo_rgbd_staged_transfer_smoke_logs","directory","139481","2026-08-23T13:18:53"
"gazebo_rgbd_staged_transfer_smoke.csv","artifacts\archive\gazebo\gazebo_rgbd_staged_transfer_smoke.csv","file","1366","2026-08-23T13:19:48"
"gazebo_rgbd_staged_transfer_smoke.md","artifacts\archive\gazebo\gazebo_rgbd_staged_transfer_smoke.md","file","1883","2026-08-23T13:19:48"
"gazebo_rgbd_staged_transfer_smoke.svg","artifacts\archive\gazebo\gazebo_rgbd_staged_transfer_smoke.svg","file","3812","2026-08-23T13:19:48"
"gazebo_rgbd_state_replan_smoke_logs","artifacts\archive\gazebo\gazebo_rgbd_state_replan_smoke_logs","directory","85504","2026-08-23T12:46:17"
"gazebo_rgbd_state_replan_smoke.csv","artifacts\archive\gazebo\gazebo_rgbd_state_replan_smoke.csv","file","1366","2026-08-23T12:46:45"
"gazebo_rgbd_state_replan_smoke.md","artifacts\archive\gazebo\gazebo_rgbd_state_replan_smoke.md","file","1876","2026-08-23T12:46:45"
"gazebo_rgbd_state_replan_smoke.svg","artifacts\archive\gazebo\gazebo_rgbd_state_replan_smoke.svg","file","3812","2026-08-23T12:46:45"
"gazebo_rgbd_stock_collision_readiness_smoke_logs","artifacts\archive\gazebo\gazebo_rgbd_stock_collision_readiness_smoke_logs","directory","117773","2026-08-23T12:09:53"
"gazebo_rgbd_stock_collision_readiness_smoke.csv","artifacts\archive\gazebo\gazebo_rgbd_stock_collision_readiness_smoke.csv","file","1250","2026-08-23T12:10:40"
"gazebo_rgbd_stock_collision_readiness_smoke.md","artifacts\archive\gazebo\gazebo_rgbd_stock_collision_readiness_smoke.md","file","1755","2026-08-23T12:10:40"
"gazebo_rgbd_stock_collision_readiness_smoke.svg","artifacts\archive\gazebo\gazebo_rgbd_stock_collision_readiness_smoke.svg","file","3812","2026-08-23T12:10:40"
"gazebo_rgbd_synced_timeout_smoke_logs","artifacts\archive\gazebo\gazebo_rgbd_synced_timeout_smoke_logs","directory","113780","2026-08-23T12:24:22"
"gazebo_rgbd_synced_timeout_smoke.csv","artifacts\archive\gazebo\gazebo_rgbd_synced_timeout_smoke.csv","file","1373","2026-08-23T12:25:07"
"gazebo_rgbd_synced_timeout_smoke.md","artifacts\archive\gazebo\gazebo_rgbd_synced_timeout_smoke.md","file","1858","2026-08-23T12:25:07"
"gazebo_rgbd_synced_timeout_smoke.svg","artifacts\archive\gazebo\gazebo_rgbd_synced_timeout_smoke.svg","file","3812","2026-08-23T12:25:07"
"gazebo_rgbd_tactile_smoke_logs","artifacts\archive\gazebo\gazebo_rgbd_tactile_smoke_logs","directory","84573","2026-08-16T21:07:10"
"gazebo_rgbd_tactile_smoke_v2_logs","artifacts\archive\gazebo\gazebo_rgbd_tactile_smoke_v2_logs","directory","89203","2026-08-16T21:09:23"
"gazebo_rgbd_tactile_smoke_v2.csv","artifacts\archive\gazebo\gazebo_rgbd_tactile_smoke_v2.csv","file","1274","2026-08-16T21:09:56"
"gazebo_rgbd_tactile_smoke_v2.md","artifacts\archive\gazebo\gazebo_rgbd_tactile_smoke_v2.md","file","1784","2026-08-16T21:09:56"
"gazebo_rgbd_tactile_smoke_v2.svg","artifacts\archive\gazebo\gazebo_rgbd_tactile_smoke_v2.svg","file","3812","2026-08-16T21:09:56"
"gazebo_rgbd_tactile_smoke_v3_logs","artifacts\archive\gazebo\gazebo_rgbd_tactile_smoke_v3_logs","directory","93351","2026-08-16T21:16:21"
"gazebo_rgbd_tactile_smoke_v3.csv","artifacts\archive\gazebo\gazebo_rgbd_tactile_smoke_v3.csv","file","1281","2026-08-16T21:16:54"
"gazebo_rgbd_tactile_smoke_v3.md","artifacts\archive\gazebo\gazebo_rgbd_tactile_smoke_v3.md","file","1784","2026-08-16T21:16:54"
"gazebo_rgbd_tactile_smoke_v3.svg","artifacts\archive\gazebo\gazebo_rgbd_tactile_smoke_v3.svg","file","3812","2026-08-16T21:16:54"
"gazebo_rgbd_tactile_smoke_v4_logs","artifacts\archive\gazebo\gazebo_rgbd_tactile_smoke_v4_logs","directory","138787","2026-08-16T21:18:25"
"gazebo_rgbd_tactile_smoke_v4.csv","artifacts\archive\gazebo\gazebo_rgbd_tactile_smoke_v4.csv","file","1224","2026-08-16T21:19:50"
"gazebo_rgbd_tactile_smoke_v4.md","artifacts\archive\gazebo\gazebo_rgbd_tactile_smoke_v4.md","file","1684","2026-08-16T21:19:50"
"gazebo_rgbd_tactile_smoke_v4.svg","artifacts\archive\gazebo\gazebo_rgbd_tactile_smoke_v4.svg","file","3813","2026-08-16T21:19:50"
"gazebo_rgbd_tactile_smoke.csv","artifacts\archive\gazebo\gazebo_rgbd_tactile_smoke.csv","file","1279","2026-08-16T21:07:44"
"gazebo_rgbd_tactile_smoke.md","artifacts\archive\gazebo\gazebo_rgbd_tactile_smoke.md","file","1784","2026-08-16T21:07:44"
"gazebo_rgbd_tactile_smoke.svg","artifacts\archive\gazebo\gazebo_rgbd_tactile_smoke.svg","file","3812","2026-08-16T21:07:44"
"gazebo_rgbd_tip_pads_smoke_logs","artifacts\archive\gazebo\gazebo_rgbd_tip_pads_smoke_logs","directory","99805","2026-08-23T11:51:40"
"gazebo_rgbd_tip_pads_smoke.csv","artifacts\archive\gazebo\gazebo_rgbd_tip_pads_smoke.csv","file","1243","2026-08-23T11:52:34"
"gazebo_rgbd_tip_pads_smoke.md","artifacts\archive\gazebo\gazebo_rgbd_tip_pads_smoke.md","file","1784","2026-08-23T11:52:34"
"gazebo_rgbd_tip_pads_smoke.svg","artifacts\archive\gazebo\gazebo_rgbd_tip_pads_smoke.svg","file","3812","2026-08-23T11:52:34"
"gazebo_rgbd_transfer_replan_smoke_logs","artifacts\archive\gazebo\gazebo_rgbd_transfer_replan_smoke_logs","directory","134696","2026-08-23T12:55:32"
"gazebo_rgbd_transfer_replan_smoke.csv","artifacts\archive\gazebo\gazebo_rgbd_transfer_replan_smoke.csv","file","1361","2026-08-23T12:56:30"
"gazebo_rgbd_transfer_replan_smoke.md","artifacts\archive\gazebo\gazebo_rgbd_transfer_replan_smoke.md","file","1858","2026-08-23T12:56:30"
"gazebo_rgbd_transfer_replan_smoke.svg","artifacts\archive\gazebo\gazebo_rgbd_transfer_replan_smoke.svg","file","3812","2026-08-23T12:56:30"
"gazebo_rgbd_transfer_replan2_smoke_logs","artifacts\archive\gazebo\gazebo_rgbd_transfer_replan2_smoke_logs","directory","158519","2026-08-23T12:58:16"
"gazebo_rgbd_transfer_replan2_smoke.csv","artifacts\archive\gazebo\gazebo_rgbd_transfer_replan2_smoke.csv","file","1370","2026-08-23T12:59:34"
"gazebo_rgbd_transfer_replan2_smoke.md","artifacts\archive\gazebo\gazebo_rgbd_transfer_replan2_smoke.md","file","1860","2026-08-23T12:59:34"
"gazebo_rgbd_transfer_replan2_smoke.svg","artifacts\archive\gazebo\gazebo_rgbd_transfer_replan2_smoke.svg","file","3812","2026-08-23T12:59:34"
"gazebo_rrtstar_center_smoke_logs","artifacts\archive\gazebo\gazebo_rrtstar_center_smoke_logs","directory","478698","2026-08-13T22:01:42"
"gazebo_rrtstar_center_smoke.csv","artifacts\archive\gazebo\gazebo_rrtstar_center_smoke.csv","file","1609","2026-07-26T13:43:51"
"gazebo_rrtstar_center_smoke.md","artifacts\archive\gazebo\gazebo_rrtstar_center_smoke.md","file","961","2026-07-26T13:43:51"
"gazebo_rrtstar_center_smoke.svg","artifacts\archive\gazebo\gazebo_rrtstar_center_smoke.svg","file","3772","2026-07-26T13:43:51"
"gazebo_smoke_logs","artifacts\archive\gazebo\gazebo_smoke_logs","directory","87422","2026-08-13T22:01:42"
"gazebo_smoke.csv","artifacts\archive\gazebo\gazebo_smoke.csv","file","379","2026-07-19T11:11:42"
"gazebo_smoke.md","artifacts\archive\gazebo\gazebo_smoke.md","file","401","2026-07-19T11:11:42"
"benchmark_report.md","artifacts\archive\legacy_benchmarks\benchmark_report.md","file","338","2026-05-25T15:44:48"
"benchmark_results.csv","artifacts\archive\legacy_benchmarks\benchmark_results.csv","file","573","2026-05-25T15:44:48"
"pick_execution_benchmark.csv","artifacts\archive\legacy_benchmarks\pick_execution_benchmark.csv","file","197","2026-06-27T15:19:18"
"pick_execution_benchmark.md","artifacts\archive\legacy_benchmarks\pick_execution_benchmark.md","file","532","2026-06-27T15:19:18"
"pick_plan_benchmark.csv","artifacts\archive\legacy_benchmarks\pick_plan_benchmark.csv","file","197","2026-06-15T12:58:17"
"pick_plan_benchmark.md","artifacts\archive\legacy_benchmarks\pick_plan_benchmark.md","file","407","2026-06-15T12:58:17"
"payload_transfer_adaptive_descent_20260828","artifacts\archive\payload_transfer\payload_transfer_adaptive_descent_20260828","directory","1077685","2026-08-28T07:56:07"
"payload_transfer_adaptive_descent_repeat_20260828","artifacts\archive\payload_transfer\payload_transfer_adaptive_descent_repeat_20260828","directory","558922","2026-08-28T07:57:01"
"payload_transfer_adaptive_descent_repeat2_20260828","artifacts\archive\payload_transfer\payload_transfer_adaptive_descent_repeat2_20260828","directory","2447631","2026-08-28T07:59:46"
"payload_transfer_grasp_height_0105_20260828","artifacts\archive\payload_transfer\payload_transfer_grasp_height_0105_20260828","directory","133074990","2026-08-28T07:20:03"
"payload_transfer_hand_frame_20260828","artifacts\archive\payload_transfer\payload_transfer_hand_frame_20260828","directory","139344712","2026-08-28T07:28:14"
"payload_transfer_planar_pads_20260828","artifacts\archive\payload_transfer\payload_transfer_planar_pads_20260828","directory","1515837","2026-08-28T07:37:00"
"payload_transfer_preload_0020_20260828","artifacts\archive\payload_transfer\payload_transfer_preload_0020_20260828","directory","38077974","2026-08-28T07:22:29"
"payload_transfer_preload_0021_20260828","artifacts\archive\payload_transfer\payload_transfer_preload_0021_20260828","directory","1555194","2026-08-28T07:31:37"
"payload_transfer_six_stage_20260828_v1","artifacts\archive\payload_transfer\payload_transfer_six_stage_20260828_v1","directory","3949870","2026-08-28T22:51:26"
"payload_transfer_six_stage_20260828_v2","artifacts\archive\payload_transfer\payload_transfer_six_stage_20260828_v2","directory","3908012","2026-08-28T22:56:03"
"payload_transfer_six_stage_20260828_v3","artifacts\archive\payload_transfer\payload_transfer_six_stage_20260828_v3","directory","1680489","2026-08-28T23:00:56"
"payload_transfer_smoke_20260827","artifacts\archive\payload_transfer\payload_transfer_smoke_20260827","directory","732598928","2026-08-27T22:19:34"
"payload_transfer_smoke_20260827_v2","artifacts\archive\payload_transfer\payload_transfer_smoke_20260827_v2","directory","42648886","2026-08-27T22:23:19"
"payload_transfer_smoke_20260827_v3","artifacts\archive\payload_transfer\payload_transfer_smoke_20260827_v3","directory","209654093","2026-08-27T22:29:48"
"payload_transfer_speed_003_20260828","artifacts\archive\payload_transfer\payload_transfer_speed_003_20260828","directory","1898991","2026-08-28T07:40:15"
"payload_transfer_speed_003_repeat_20260828","artifacts\archive\payload_transfer\payload_transfer_speed_003_repeat_20260828","directory","2843943","2026-08-28T07:43:58"
"payload_transfer_split_speed_002_20260828","artifacts\archive\payload_transfer\payload_transfer_split_speed_002_20260828","directory","2367451","2026-08-28T07:52:55"
"payload_transfer_split_speed_20260828","artifacts\archive\payload_transfer\payload_transfer_split_speed_20260828","directory","532230","2026-08-28T07:46:47"
"payload_transfer_split_speed_repeat_20260828","artifacts\archive\payload_transfer\payload_transfer_split_speed_repeat_20260828","directory","3096847","2026-08-28T07:50:04"
"payload_transfer_stage_guarded_recovery_20260828","artifacts\archive\payload_transfer\payload_transfer_stage_guarded_recovery_20260828","directory","678657","2026-08-28T08:04:20"
"payload_transfer_stage_guarded_recovery_20260828_v2","artifacts\archive\payload_transfer\payload_transfer_stage_guarded_recovery_20260828_v2","directory","3221328","2026-08-28T22:36:28"
"payload_transfer_stage_guarded_recovery_20260828_v3","artifacts\archive\payload_transfer\payload_transfer_stage_guarded_recovery_20260828_v3","directory","1862697","2026-08-28T22:40:15"
"payload_transfer_stage_guarded_recovery_20260828_v4","artifacts\archive\payload_transfer\payload_transfer_stage_guarded_recovery_20260828_v4","directory","2605901","2026-08-28T22:44:53"
"payload_transfer_unloaded_smoke_20260827","artifacts\archive\payload_transfer\payload_transfer_unloaded_smoke_20260827","directory","37537907","2026-08-27T22:38:56"
"payload_transfer_unloaded_smoke_20260828_v2","artifacts\archive\payload_transfer\payload_transfer_unloaded_smoke_20260828_v2","directory","30870429","2026-08-28T07:13:43"
"release_obstacle_20260826_logs","artifacts\archive\release\release_obstacle_20260826_logs","directory","420198","2026-08-26T21:39:51"
"release_obstacle_20260826.csv","artifacts\archive\release\release_obstacle_20260826.csv","file","1270","2026-08-26T21:44:50"
"release_obstacle_20260826.md","artifacts\archive\release\release_obstacle_20260826.md","file","2029","2026-08-26T21:44:50"
"release_obstacle_20260826.svg","artifacts\archive\release\release_obstacle_20260826.svg","file","3797","2026-08-26T21:44:50"
"release_obstacle_physical_logs","artifacts\archive\release\release_obstacle_physical_logs","directory","119463","2026-08-23T13:42:19"
"release_obstacle_physical.csv","artifacts\archive\release\release_obstacle_physical.csv","file","921","2026-08-25T22:12:37"
"release_obstacle_physical.md","artifacts\archive\release\release_obstacle_physical.md","file","1646","2026-08-25T22:12:37"
"release_obstacle_physical.svg","artifacts\archive\release\release_obstacle_physical.svg","file","3796","2026-08-25T22:12:37"
"release_rgbd_physical_logs","artifacts\archive\release\release_rgbd_physical_logs","directory","167070","2026-08-23T13:35:44"
"release_rgbd_physical.csv","artifacts\archive\release\release_rgbd_physical.csv","file","1247","2026-08-23T13:47:13"
"release_rgbd_physical.md","artifacts\archive\release\release_rgbd_physical.md","file","1635","2026-08-23T13:47:13"
"release_rgbd_physical.svg","artifacts\archive\release\release_rgbd_physical.svg","file","3823","2026-08-23T13:47:13"
"rgbd_pointcloud_live.err.log","artifacts\archive\rgbd\rgbd_pointcloud_live.err.log","file","0","2026-08-15T22:10:10"
"rgbd_pointcloud_live.out.log","artifacts\archive\rgbd\rgbd_pointcloud_live.out.log","file","202569","2026-08-15T22:14:09"
"rgbd_pointcloud_visual.log","artifacts\archive\rgbd\rgbd_pointcloud_visual.log","file","157093","2026-08-15T22:08:01"
"gazebo_combined_planner_benchmark_logs","artifacts\baselines\gazebo_combined_planner_benchmark_logs","directory","1256876","2026-08-13T22:01:42"
"gazebo_combined_planner_benchmark.csv","artifacts\baselines\gazebo_combined_planner_benchmark.csv","file","5950","2026-08-08T17:09:08"
"gazebo_combined_planner_benchmark.md","artifacts\baselines\gazebo_combined_planner_benchmark.md","file","2803","2026-08-08T17:09:08"
"gazebo_combined_planner_benchmark.svg","artifacts\baselines\gazebo_combined_planner_benchmark.svg","file","6806","2026-08-08T17:09:08"
"gazebo_obstacle_90_trials_logs","artifacts\baselines\gazebo_obstacle_90_trials_logs","directory","13482445","2026-08-13T22:01:42"
"gazebo_obstacle_90_trials.csv","artifacts\baselines\gazebo_obstacle_90_trials.csv","file","35347","2026-07-26T16:38:02"
"gazebo_obstacle_90_trials.md","artifacts\baselines\gazebo_obstacle_90_trials.md","file","3608","2026-07-26T16:38:02"
"gazebo_obstacle_90_trials.svg","artifacts\baselines\gazebo_obstacle_90_trials.svg","file","6875","2026-07-26T16:38:02"
"gazebo_rgbd_repeatability_logs","artifacts\baselines\gazebo_rgbd_repeatability_logs","directory","535672","2026-08-23T13:30:23"
"gazebo_rgbd_repeatability.csv","artifacts\baselines\gazebo_rgbd_repeatability.csv","file","2343","2026-08-23T13:32:22"
"gazebo_rgbd_repeatability.md","artifacts\baselines\gazebo_rgbd_repeatability.md","file","1780","2026-08-23T13:32:22"
"gazebo_rgbd_repeatability.svg","artifacts\baselines\gazebo_rgbd_repeatability.svg","file","3823","2026-08-23T13:32:22"
"payload_transfer_six_stage_20260829_v4","artifacts\current\payload_transfer\payload_transfer_six_stage_20260829_v4","directory","3323594","2026-08-29T10:05:26"
"payload_transfer_six_stage_20260829_v5","artifacts\current\payload_transfer\payload_transfer_six_stage_20260829_v5","directory","2323305","2026-08-29T10:11:39"
"payload_transfer_six_stage_20260829_v6","artifacts\current\payload_transfer\payload_transfer_six_stage_20260829_v6","directory","3676698","2026-08-29T10:17:09"
"payload_transfer_six_stage_20260829_v7","artifacts\current\payload_transfer\payload_transfer_six_stage_20260829_v7","directory","3762318","2026-08-29T10:21:31"
"log","artifacts\archive\colcon\log_before_cleanup_20260829","directory","96806374","2026-08-29T10:33:41"
